,관리번호,공원명,공원구분,소재지도로명주소,소재지지번주소,위도,경도,공원면적,공원보유시설(운동시설),공원보유시설(유희시설),공원보유시설(편익시설),공원보유시설(교양시설),공원보유시설(기타시설),지정고시일,관리기관명,전화번호,데이터기준일자,제공기관코드,제공기관명
136,11530-00059,오류동(대체공원),소공원,, 구로구 오류동,37.4934436,126.842953,895.0,체력단련시설 4점,,,,,2018-08-23,서울특별시 구로구청,02-860-3090,2023-01-27,3160000,구로구
244,11170-00001,효창공원,근린공원,서울특별시 용산구 임정로 26, 용산구 효창동,37.544278,126.959255,171277.0,운동장+배드민턴장+게이트볼장 등,조합놀이대+그네 등,주차장+매점+화장실+음수대 등,동상+탑기념비,,1940-03-12,서울특별시 용산구청,02-2199-7594,2022-12-20,3020000,용산구
245,11170-00002,새나라어린이공원,어린이공원,서울특별시 용산구 후암로13가길 25, 용산구 후암동,37.548319,126.9763669,2340.0,다목적 인조잔디마당,조합놀이대+그네 등,화장실+음수대,,,1940-03-12,서울특별시 용산구청,02-2199-7605,2022-12-20,3020000,용산구
257,11170-00014,응봉공원,근린공원,, 용산구 한남동,37.544987,127.0047763,187834.0,테니스장+배드민턴장 등,조합놀이대+모래놀이터 등,주차장+화장실,,,1977-07-09,서울특별시 용산구청,02-2199-7593,2022-12-20,3020000,용산구
258,11170-00015,동빙고공원,근린공원,, 용산구 용산동,37.517396,126.983984,55740.0,테니스장 등,,주차장+화장실,문화회관,,1977-07-09,서울특별시 용산구청,02-2199-7603,2022-12-20,3020000,용산구
832,11740-00018,새장터공원,어린이공원,서울특별시 강동구 암사1가길16(암사동), 강동구 암사1,37.55212624,127.130563,1592.0,체력단련기구,조합놀이대+그네,화장실+음수대,,,1976-04-22,서울특별시 강동구청,02-3425-6440,2022-07-21,3240000,강동구
833,11740-00019,광나루공원,어린이공원,서울특별시 강동구 상암로12-19(암사동), 강동구 암사2,37.5500717,127.1255454,1637.7,체력단련기구,조합놀이대+그네,화장실,,,1976-04-22,서울특별시 강동구청,02-3425-6440,2022-07-21,3240000,강동구
834,11740-00020,볕우물공원,어린이공원,서울특별시 강동구 고덕로24길23(암사동), 강동구 암사1,37.553613,127.135704,1552.8,체력단련기구,조합놀이대+그네+흔들놀이,음수대,,,1976-04-22,서울특별시 강동구청,02-3425-6440,2022-07-21,3240000,강동구
835,11740-00021,구암공원,어린이공원,, 강동구 암사3,37.556567,127.137608,1647.8,체력단련기구,조합놀이대+그네+흔들놀이+모래놀이터,음수대,,,1976-04-22,서울특별시 강동구청,02-3425-6440,2022-07-21,3240000,강동구
836,11740-00022,선사공원,어린이공원,서울특별시 강동구 올림픽로 836(암사동), 강동구 암사3,37.55576061,127.1299975,1610.3,체력단련기구,조합놀이대+흔들놀이,,,,1976-04-22,서울특별시 강동구청,02-3425-6440,2022-07-21,3240000,강동구
837,11740-00023,천사공원,어린이공원,서울특별시 강동구 천중로12길23-23(천호동), 강동구 천호2,37.54380935,127.1284086,1617.2,체력단련기구,조합놀이대+그네+시소+모래놀이터,음수대,,,1976-04-22,서울특별시 강동구청,02-3425-6440,2022-07-21,3240000,강동구
838,11740-00024,고분다리공원,어린이공원,서울특별시 강동구 구천면로39길23(천호동), 강동구 천호2,37.54540502,127.131821,1621.8,체력단련기구,조합놀이대+그네+흔들놀이,음수대,,,1976-04-22,서울특별시 강동구청,02-3425-6440,2022-07-21,3240000,강동구
839,11740-00025,동산공원,어린이공원,, 강동구 천호2,37.547119,127.129682,1646.0,체력단련기구,조합놀이대+그네+흔들놀이+모래놀이터,음수대,,,1976-04-22,서울특별시 강동구청,02-3425-6440,2022-07-21,3240000,강동구
840,11740-00026,광진공원,어린이공원,서울특별시 강동구 구천면로13길21(천호동), 강동구 천호2,37.542946,127.122505,1672.7,체력단련기구,조합놀이대+흔들놀이,,,,1976-04-22,서울특별시 강동구청,02-3425-6440,2022-07-21,3240000,강동구
841,11740-00027,천일골목공원,어린이공원,서울특별시 강동구 진황도로27다길30(천호동), 강동구 천호1,37.5405287,127.1314181,233.0,체력단련기구,,,,,1977-07-04,서울특별시 강동구청,02-3425-6440,2022-07-21,3240000,강동구
842,11740-00028,천호삼거리공원,어린이공원,, 강동구 천호1,37.545489,127.138494,170.0,체력단련기구,,,,,1977-07-04,서울특별시 강동구청,02-3425-6440,2022-07-21,3240000,강동구
843,11740-00029,천호큰골목공원,어린이공원,, 강동구 천호1,37.545101,127.138573,586.0,체력단련기구,,,,,1977-07-04,서울특별시 강동구청,02-3425-6440,2022-07-21,3240000,강동구
844,11740-00030,천암공원,어린이공원,, 강동구 천호1,37.547844,127.136878,166.0,체력단련기구,조합놀이대,,,,1977-07-04,서울특별시 강동구청,02-3425-6440,2022-07-21,3240000,강동구
845,11740-00031,성내공원,근린공원,서울특별시 강동구 성내로3가길 71(성내동), 강동구 성내1,37.529486,127.126516,8929.0,배드민턴장+게이트볼장+체력단련기구,조합놀이대+그네,화장실+공중전화,,,1977-07-09,서울특별시 강동구청,02-3425-6440,2022-07-21,3240000,강동구
846,11740-00032,샛마을공원,근린공원,, 강동구 명일1,37.550106,127.147099,11467.0,농구장+게이트볼장+체력단련기구,조합놀이대+그네+흔들놀이,화장실+음수대,,관리사무소,1979-11-07,서울특별시 강동구청,02-3425-6440,2022-07-21,3240000,강동구
847,11740-00033,화랑공원,어린이공원,, 강동구 천호2,37.540033,127.123192,220.0,체력단련기구,조합놀이대,,,,1980-03-27,서울특별시 강동구청,02-3425-6440,2022-07-21,3240000,강동구
848,11740-00034,꿈나래공원,어린이공원,서울특별시 강동구 아리수로64길29(고덕동), 강동구 고덕1,37.5608275,127.153742,1500.0,체력단련기구,조합놀이대+그네+흔들놀이+모래놀이터,음수대,,,1980-03-27,서울특별시 강동구청,02-3425-6440,2022-07-21,3240000,강동구
849,11740-00035,곰돌이공원,어린이공원,, 강동구 고덕1,37.556235,127.154997,1983.0,체력단련기구,조합놀이대+그네+시소+흔들놀이+모래놀이터,,,,1980-03-27,서울특별시 강동구청,02-3425-6440,2022-07-21,3240000,강동구
850,11740-00036,한우물공원,어린이공원,서울특별시 강동구 아리수로72길60-16(고덕동), 강동구 고덕2,37.561635,127.162736,1500.0,체력단련기구,조합놀이대+그네+흔들놀이+모래놀이터,음수대,,,1980-03-27,서울특별시 강동구청,02-3425-6440,2022-07-21,3240000,강동구
851,11740-00037,무지개공원,어린이공원,, 강동구 고덕2,37.559162,127.164191,1967.5,체력단련기구,조합놀이대+그네+흔들놀이,,,,1980-03-27,서울특별시 강동구청,02-3425-6440,2022-07-21,3240000,강동구
852,11740-00038,말우물공원,어린이공원,서울특별시 강동구 상일로21길14-7(고덕동), 강동구 고덕2,37.560012,127.169476,1619.1,체력단련기구,조합놀이대+그네,음수대,,,1980-03-27,서울특별시 강동구청,02-3425-6440,2022-07-21,3240000,강동구
853,11740-00039,미리내공원,어린이공원,, 강동구 상일동,37.554712,127.167908,4286.2,운동장+농구장,,,,,1980-03-27,서울특별시 강동구청,02-3425-6440,2022-07-21,3240000,강동구
854,11740-00040,동자공원,어린이공원,, 강동구 상일동,37.552388,127.167009,1520.8,체력단련기구,,,,,1980-03-27,서울특별시 강동구청,02-3425-6440,2022-07-21,3240000,강동구
1016,11305-00026,오동근린공원,근린공원,, 강북구 번동 ,37.6292331,127.0330524,1025284.1,실내배드민턴장+구민운동장+다목적체육관+골프연습장,조합놀이대+그네+흔들놀이,화장실+약수터+주차장,도서관,유아숲체험장,1982-09-20,서울특별시 강북구청,02-901-6929,2022-08-21,3080000,강북구
1143,11305-00009,북한산도시자연공원,기타,, 강북구 미아동,37.6210716,127.0083592,84448.4,배드민턴장+게이트볼장+족구장,그네+회전놀이+조합놀이대,화장실,,유아숲체험원,2020-06-29,서울특별시 강북구청,02-901-6927,2022-08-21,3080000,강북구
1168,11740-00015,샘물공원,어린이공원,서울특별시 강동구 양재대로1630(명일동), 강동구 명일1,37.5510159,127.1447414,992.1,체력단련기구,모래놀이터+흔들놀이,음수대,,,1972-11-06,서울특별시 강동구청,02-3425-6440,2022-07-21,3240000,강동구
1169,11740-00016,염주골공원,어린이공원,서울특별시 강동구 양재대로138길29(명일동), 강동구 명일1,37.549932,127.1456059,991.3,체력단련기구,조합놀이대+그네+흔들놀이,음수대,,,1972-11-06,서울특별시 강동구청,02-3425-6440,2022-07-21,3240000,강동구
1170,11740-00017,성내천공원,어린이공원,, 강동구 성내1,37.526764,127.123929,1413.6,체력단련기구,조합놀이대+그네+흔들놀이+모래놀이터,음수대,,,1974-12-06,서울특별시 강동구청,02-3425-6440,2022-07-21,3240000,강동구
3050,11410-00002,궁동근린공원,근린공원,, 서대문구 연희,37.5687539,126.9195783,126026.0,체육관(실내 배드민턴장) 1개동+배드민턴장 2개소+체력단련시설 23기,조합놀이대 1기+기타 4기,화장실 1개소,,,1940-03-12,서울특별시 서대문구청,02-330-1965,2022-08-11,3120000,서대문구
3051,11410-00003,명수어린이공원,어린이공원,, 서대문구 북아,37.560086,126.9507473,2269.0,체력단련시설 8기,조합놀이대 1기+그네 1기 미끄럼틀 1기+시소 1기+기타 1기,,,,1940-03-12,서울특별시 서대문구청,02-330-1714,2022-08-11,3120000,서대문구
3054,11410-00006,불천어린이공원,어린이공원,, 서대문구 홍제,37.59743951,126.948142,2006.0,체력단련시설 4기,조합놀이대 1기+그네 1기+시소 1기,,,,1965-02-03,서울특별시 서대문구청,02-330-1714,2022-08-11,3120000,서대문구
3055,11410-00007,은가어린이공원,어린이공원,, 서대문구 북가,37.58280507,126.919472,1312.0,체력단련시설 4기,시소 1기+기타 4기,,,,1965-07-08,서울특별시 서대문구청,02-330-1714,2022-08-11,3120000,서대문구
3056,11410-00008,백련근린공원,근린공원,, 서대문구 홍은,37.5906206,126.9333684,993724.0,운동장 1개소+배드민턴장 3개소+골프연습장 1개소+체력단련시설 81기,조합놀이대 2기,주차장 2개소(80대)+화장실 1개소+발효식화장실 4기,문화회관 1개소,,1966-02-05,서울특별시 서대문구청,02-330-1965,2022-08-11,3120000,서대문구
3058,11410-00010,궁뜰어린이공원,어린이공원,, 서대문구 연희,37.56901942,126.9304024,983.8,체력단련시설 3기,조합놀이대 1기+그네 1기+모래밭 1기+사닥다리 1기,,,,1967-01-21,서울특별시 서대문구청,02-330-1714,2022-08-11,3120000,서대문구
3125,11410-00045,하늘소공원,소공원,, 서대문구 홍은,37.59385753,126.942133,1375.0,체력단련시설 4기,,,,,2007-06-07,서울특별시 서대문구청,02-330-1749,2022-08-11,3120000,서대문구
3127,11410-00047,가재울어린이공원,어린이공원,, 서대문구 남가,37.57309232,126.9191177,9508.0,배드민턴장 1개소+체력단련시설 3기,조합놀이대 1기+기타 3기,음수대 2개소,,,2007-04-12,서울특별시 서대문구청,02-330-1714,2022-08-11,3120000,서대문구
3128,11410-00048,북아현어린이공원,어린이공원,, 서대문구 북아,37.55849107,126.9517607,2357.2,체력단련시설 2기,미끄럼틀 1기+기타 3기,음수대 1개소,,,2008-02-05,서울특별시 서대문구청,02-330-1714,2022-08-11,3120000,서대문구
3130,11410-00050,너른바위어린이공원,어린이공원,, 서대문구 북아,37.55832008,126.9522503,2592.2,체력단련시설 4기,그네 1기+미끄럼틀 1기+시소 1기+조합놀이대 1기+기타 2기,음수대 1개소,,,2008-02-05,서울특별시 서대문구청,02-330-1714,2022-08-11,3120000,서대문구
3131,11410-00051,복주산근린공원,근린공원,, 서대문구 북아,37.56181347,126.9551252,11430.0,체력단련시설 6기,,,,,2008-02-05,서울특별시 서대문구청,02-330-1965,2022-08-11,3120000,서대문구
3134,11410-00054,남가좌동어린이공원,어린이공원,, 서대문구 남가,37.57760952,126.9178882,4144.0,배드민턴장 1개소,조합놀이대 3기 등,파고라 1조,,,,서울특별시 서대문구청,02-330-1714,2022-08-11,3120000,서대문구
3135,11410-00055,연희푸르지오어린이공원,어린이공원,, 서대문구 연희,37.57668706,126.9300362,2053.0,체력단련시설 4기,조합놀이대 1기 등,파고라 1조,,,,서울특별시 서대문구청,02-330-1714,2022-08-11,3120000,서대문구
3136,11410-00030,홍제근린공원,근린공원,, 서대문구 홍제,37.59485485,126.9530472,9888.0,배드민턴장 1개소+체력단련시설 11기,조합놀이대 1기+시소 1기+기타 3기,,,,1998-12-01,서울특별시 서대문구청,02-330-1965,2022-08-11,3120000,서대문구
3138,11410-00032,독립문어린이공원,어린이공원,, 서대문구 영천,37.571549,126.9604898,2600.0,체력단련시설 4기,,화장실 1개소,,,2001-11-06,서울특별시 서대문구청,02-330-1714,2022-08-11,3120000,서대문구
3139,11410-00033,연서어린이공원,어린이공원,, 서대문구 연희,37.57210598,126.9233003,1582.0,체력단련시설 3기,조합놀이대 1기+그네 2기+모래밭 1기+시소 1기+기타 3기,,,,2002-06-22,서울특별시 서대문구청,02-330-1714,2022-08-11,3120000,서대문구
3140,11410-00034,북가좌정원지구어린이공원,어린이공원,, 서대문구 북가,37.579749,126.9167807,1869.0,체력단련시설 6기,그네1기+기타 2기,,,,2004-07-05,서울특별시 서대문구청,02-330-1714,2022-08-11,3120000,서대문구
3141,11410-00035,홍은동어린이공원,어린이공원,, 서대문구 홍은,37.601593,126.950296,1552.0,체력단련시설 2기,조합놀이대 1기+그네 1기+기타 2기,,,,2005-05-19,서울특별시 서대문구청,02-330-1714,2022-08-11,3120000,서대문구
3144,11410-00037,중앙근린공원,근린공원,, 서대문구 북가,37.57514307,126.9133826,15466.0,다목적운동장 1개소+배드민턴장 1개소+체력단련시설 8기,,화장실 1개소+음수대 1개소,,,2007-03-22,서울특별시 서대문구청,02-330-1965,2022-08-11,3120000,서대문구
3145,11410-00038,솟대어린이공원,어린이공원,, 서대문구 남가,37.572759,126.9128368,1474.5,체력단련시설 4기,조합놀이대 1기+시페이스네트 1기+흔들놀이 6기,,,,2007-03-22,서울특별시 서대문구청,02-330-1714,2022-08-11,3120000,서대문구
3146,11410-00039,나비울어린이공원,어린이공원,, 서대문구 북가,37.57480967,126.909632,6757.0,농구장 1개소,조합놀이대 1기+그네 1기+흔들놀이 2기,음수대 1개소,,,2007-03-22,서울특별시 서대문구청,02-330-1714,2022-08-11,3120000,서대문구
3148,11410-00041,거꾸로어린이공원,어린이공원,, 서대문구 북가,37.58503469,126.913284,1125.3,체력단련시설 5기,기타 6기,음수대 1개소,,,2010-05-13,서울특별시 서대문구청,02-330-1714,2022-08-11,3120000,서대문구
3149,11410-00042,문화소공원,소공원,, 서대문구 홍제,37.59467058,126.948792,1456.0,배드민턴장 1개소,,,,,2010-05-13,서울특별시 서대문구청,02-330-1749,2022-08-11,3120000,서대문구
3151,11410-00044,무궁화소공원,소공원,, 서대문구 홍제,37.58489844,126.9401841,672.0,체력단련시설 4기,,,,,2008-07-31,서울특별시 서대문구청,02-330-1749,2022-08-11,3120000,서대문구
4372,11140-00031,손기정공원,체육공원,서울특별시 중구 손기정로 101, 중구 만리동2,37.5554795,126.9648157,29682.0,"축구장, 게이트볼장, 테니스장",조합놀이대,"화장실,주차장",,,1987-09-18,서울특별시 중구청,02-3396-5852,2021-10-22,3010000,중구
4563,11740-00008,보람공원,어린이공원,서울특별시 강동구 양재대로85길59(성내동), 강동구 성내3,37.52471702,127.131302,989.9,체력단련기구,조합놀이대+그네+흔들놀이,,,,1972-11-06,서울특별시 강동구청,02-3425-6440,2022-07-21,3240000,강동구
4564,11740-00009,안말공원,어린이공원,서울특별시 강동구 풍성로45길11(성내동), 강동구 성내3,37.531236,127.129903,2290.3,체력단련기구,조합놀이대+그네+흔들놀이,,,,1972-11-06,서울특별시 강동구청,02-3425-6440,2022-07-21,3240000,강동구
4565,11740-00010,샛별공원,어린이공원,, 강동구 성내1,37.526993,127.127036,2391.6,체력단련기구,조합놀이대+그네+흔들놀이,음수대,,,1972-11-06,서울특별시 강동구청,02-3425-6440,2022-07-21,3240000,강동구
4566,11740-00011,달님공원,어린이공원,서울특별시 강동구 양재대로112길52(길동), 강동구 길동 ,37.53621038,127.142551,998.6,체력단련기구,조합놀이대+흔들놀이+모래놀이터,음수대,,,1972-11-06,서울특별시 강동구청,02-3425-6440,2022-07-21,3240000,강동구
4567,11740-00012,무궁화공원,어린이공원,서울특별시 강동구 양재대로124길62(길동), 강동구 길동 ,37.5423345,127.1454038,996.3,체력단련기구,조합놀이대+모래놀이터,음수대,,,1972-11-06,서울특별시 강동구청,02-3425-6440,2022-07-21,3240000,강동구
4568,11740-00013,희망공원,어린이공원,, 강동구 길동 ,37.53897711,127.142255,992.4,체력단련기구,조합놀이대+그네+모래놀이터,음수대,,,1972-11-06,서울특별시 강동구청,02-3425-6440,2022-07-21,3240000,강동구
4569,11740-00014,성심공원,어린이공원,서울특별시 강동구 천중로40길66(길동), 강동구 길동 ,37.53831458,127.137376,992.3,체력단련기구,조합놀이대+그네,,,,1972-11-06,서울특별시 강동구청,02-3425-6440,2022-07-21,3240000,강동구
4877,11740-00007,선린공원,어린이공원,서울특별시 강동구 양재대로91길59(성내동), 강동구 성내3,37.52851478,127.132711,1575.2,체력단련기구,조합놀이대+그네+모래놀이터,,,,1972-11-06,서울특별시 강동구청,02-3425-6440,2022-07-21,3240000,강동구
5019,11740-00062,천일공원,어린이공원,서울특별시 강동구 구천면로42길60(천호동), 강동구 천호1,37.54498878,127.1362629,2408.0,체력단련기구,조합놀이대+그네+흔들놀이+모래놀이터,음수대,,,2001-03-21,서울특별시 강동구청,02-3425-6440,2022-07-21,3240000,강동구
5020,11740-00063,당말공원,어린이공원,서울특별시 강동구 진황도로29길34(천호동), 강동구 천호3,37.53912769,127.133246,2409.0,체력단련기구,조합놀이대+시소+흔들놀이,음수대,,,2002-10-04,서울특별시 강동구청,02-3425-6440,2022-07-21,3240000,강동구
5025,11740-00068,나루공원,어린이공원,, 강동구 천호2,37.547038,127.123604,1500.0,체력단련기구,조합놀이대+흔들놀이+모래놀이터,,,,2004-09-15,서울특별시 강동구청,02-3425-6440,2022-07-21,3240000,강동구
5026,11740-00069,강일공원,근린공원,, 강동구 강일동,37.569526,127.1744407,34591.6,체력단련기구,,,,,2004-12-27,서울특별시 강동구청,02-3425-6440,2022-07-21,3240000,강동구
5027,11740-00070,벌말공원,근린공원,, 강동구 강일동,37.559936,127.177202,86205.7,체력단련기구,,먹는물공동시설,,관리사무소,2004-12-27,서울특별시 강동구청,02-3425-6440,2022-07-21,3240000,강동구
5028,11740-00071,암사공원,어린이공원,서울특별시 강동구 고덕로28길36(암사동), 강동구 암사1,37.552756,127.137981,1780.0,체력단련기구,조합놀이대+그네+흔들놀이,,,,2005-01-05,서울특별시 강동구청,02-3425-6440,2022-07-21,3240000,강동구
5029,11740-00072,강덕공원,근린공원,, 강동구 강일동,37.558585,127.174682,46699.6,배드민턴장+체력단련기구,,,,,2005-12-29,서울특별시 강동구청,02-3425-6440,2022-07-21,3240000,강동구
5030,11740-00073,능골공원,근린공원,, 강동구 강일동,37.556768,127.174727,31464.2,농구장+체력단련기구,,,,,2005-12-29,서울특별시 강동구청,02-3425-6440,2022-07-21,3240000,강동구
5032,11740-00001,고명공원,어린이공원,, 강동구 명일1,37.552473,127.143352,545.0,체력단련기구,조합놀이대+그네,,,,1970-07-03,서울특별시 강동구청,02-3425-6440,2022-07-21,3240000,강동구
5033,11740-00002,일자산공원,근린공원,서울특별시 강동구 동남로 660(둔촌동), 강동구 둔촌동,37.5330568,127.1513563,632733.0,농구장+배드민턴장+체력단련기구,숲속놀이터,주차장+화장실+음수대+먹는물공동시설+시계탑,,관리사무소+캠핑장,1971-08-06,서울특별시 강동구청,02-3425-6440,2022-07-21,3240000,강동구
5034,11740-00003,명일공원,근린공원,서울특별시 강동구 구천면로587(상일동), 강동구 상일동,37.5512577,127.1634092,649709.6,테니스장+배드민턴장+골프연습장+체력단련기구,조합놀이대,간이화장실+음수대+먹는물공동시설,문화회관,,1971-08-06,서울특별시 강동구청,02-3425-6440,2022-07-21,3240000,강동구
5035,11740-00004,명우공원,어린이공원,, 강동구 명일1,37.551537,127.141455,403.0,체력단련기구,조합놀이대+그네,,,,1971-12-04,서울특별시 강동구청,02-3425-6440,2022-07-21,3240000,강동구
5036,11740-00005,혜림공원,어린이공원,서울특별시 강동구 천중로39길77(천호동), 강동구 천호1,37.54460149,127.139905,992.0,체력단련기구,조합놀이대+그네+모래놀이터,음수대,,,1972-11-06,서울특별시 강동구청,02-3425-6440,2022-07-21,3240000,강동구
5037,11740-00006,성안공원,어린이공원,서울특별시 강동구 양재대로97길41(성내동), 강동구 성내3,37.531369,127.134773,1057.1,체력단련기구,조합놀이대+그네+흔들놀이+모래놀이터,음수대,,,1972-11-06,서울특별시 강동구청,02-3425-6440,2022-07-21,3240000,강동구
5046,11740-00047,원터공원,근린공원,서울특별시 강동구 양재대로147길 18(명일동), 강동구 명일2,37.5524155,127.1430368,24508.5,배드민턴장+체력단련기구,,음수대,,,1982-04-29,서울특별시 강동구청,02-3425-6440,2022-07-21,3240000,강동구
5047,11740-00048,송림공원,근린공원,서울특별시 강동구 고덕로 지하253(고덕동), 강동구 고덕동,37.55504732,127.1539494,11491.0,배드민턴장+체력단련기구,,음수대,,,1982-04-29,서울특별시 강동구청,02-3425-6440,2022-07-21,3240000,강동구
5048,11740-00049,까치공원,근린공원,서울특별시 강동구 고덕로 55길70(고덕동), 강동구 고덕1,37.557079,127.149995,19464.8,농구장+체력단련기구,,,,,1982-04-29,서울특별시 강동구청,02-3425-6440,2022-07-21,3240000,강동구
5049,11740-00050,두레공원,근린공원,, 강동구 고덕1,37.558206,127.152203,13460.2,농구장+체력단련기구,,간이화장실+먹는물공동시설,,,1982-04-29,서울특별시 강동구청,02-3425-6440,2022-07-21,3240000,강동구
5050,11740-00051,동자공원,근린공원,, 강동구 고덕1,37.559711,127.152467,6416.6,체력단련기구,조합놀이대,,,,1982-04-29,서울특별시 강동구청,02-3425-6440,2022-07-21,3240000,강동구
5051,11740-00052,샘터공원,근린공원,, 강동구 고덕2,37.561901,127.159087,63320.9,배드민턴장+족구장+체력단련기구,조합놀이대+시소+흔들놀이+모험놀이,화장실+음수대+먹는물공동시설,,,1982-04-29,서울특별시 강동구청,02-3425-6440,2022-07-21,3240000,강동구
5052,11740-00053,방죽공원,근린공원,서울특별시 강동구 동남로82길94-58(고덕동), 강동구 고덕2,37.5591586,127.1598268,87748.6,농구장+배드민턴장+체력단련기구,,음수대,,,1982-04-29,서울특별시 강동구청,02-3425-6440,2022-07-21,3240000,강동구
5053,11740-00054,동명공원,근린공원,, 강동구 고덕2,37.561146,127.164455,99599.9,축구장+농구장+배드민턴장+게이트볼장+체력단련기구,,주차장+화장실+음수대+시계탑,,관리사무소,1982-04-29,서울특별시 강동구청,02-3425-6440,2022-07-21,3240000,강동구
5054,11740-00055,상일공원,근린공원,서울특별시 강동구 상암로79가길3(상일동), 강동구 상일동,37.5469247,127.167312,9704.0,체력단련기구,,,,,1982-04-29,서울특별시 강동구청,02-3425-6440,2022-07-21,3240000,강동구
5055,11740-00056,방아다리공원,어린이공원,서울특별시 강동구 동남로65길46-8(명일동), 강동구 명일2,37.548156,127.153648,2010.4,체력단련기구,조합놀이대+그네+시소+흔들놀이,,,,1982-04-29,서울특별시 강동구청,02-3425-6440,2022-07-21,3240000,강동구
5056,11740-00057,둔촌공원,어린이공원,, 강동구 둔촌2,37.531437,127.143288,2226.0,체력단련기구,조합놀이대+그네+시소+흔들놀이+모래놀이터,음수대,,,1990-02-21,서울특별시 강동구청,02-3425-6440,2022-07-21,3240000,강동구
5058,11740-00059,솔말소공원,근린공원,, 강동구 암사3,37.556493,127.139147,1108.6,체력단련기구,,,,,2000-12-15,서울특별시 강동구청,02-3425-6440,2022-07-21,3240000,강동구
5060,11740-00061,암사공원,근린공원,, 강동구 암사3,37.5565294,127.1417157,7047.0,체력단련기구,그네,,,,2000-12-15,서울특별시 강동구청,02-3425-6440,2022-07-21,3240000,강동구
5153,11140-00003,응봉공원,근린공원,서울특별시 중구 신당동 산36, 중구 신당동 ,37.548628,,107695.0,배드민턴장,,화장실,,,1977-07-09,서울특별시 중구청,02-3396-5854,2021-10-22,3010000,중구
5159,11140-00009,청구공원,어린이공원,서울특별시 중구 청구동 842-1, 중구 청구동 ,37.555579,,1656.0,게이트볼장,조합놀이대,화장실,,,1985-11-22,서울특별시 중구청,02-3396-5854,2021-10-22,3010000,중구
5695,11230-00019,배봉산,근린공원,, 동대문구 전농,37.58121369,127.0675923,265582.0,배드민턴장+지압보도,조합놀이대+그네+시소+흔들놀이대+숲속놀이터+모래놀이터,정자+벤치+화장실,야외공연장+도서관,황톳길+무장애길+야생화단지+유아숲체험장,1997-12-24,서울특별시 동대문구청,02-2127-4772,2022-07-06,3050000,동대문구
5764,11230-00011,장안,근린공원,, 동대문구 장안,37.577102,127.0709026361,14744.8,배드민턴장+족구장+게이트볼장+농구장 반코트,조합놀이대+그네,정자+벤치+화장실,독서실,바닥분수+계류,1988-10-06,서울특별시 동대문구청,02-2127-4775,2022-07-06,3050000,동대문구
5765,11230-00012,장평,근린공원,, 동대문구 장안,37.5674881309,127.0737397772,15698.4,테니스장,,정자+벤치+화장실,,벽천,1990-09-06,서울특별시 동대문구청,02-2127-4775,2022-07-06,3050000,동대문구
5770,11230-00017,홍릉,근린공원,, 동대문구 청량,37.589583793,127.0435376259,102920.0,배드민턴장,조합놀이대+모래놀이터,파고라+전망데크+벤치+화장실,정보화도서관,,1994-04-26,서울특별시 동대문구청,02-2127-4772,2022-07-06,3050000,동대문구
5771,11230-00018,답십리,근린공원,, 동대문구 답십,37.573320107,127.063823,160720.0,배드민턴장+지압보도,,파고라+벤치+화장실,,,1996-06-19,서울특별시 동대문구청,02-2127-4772,2022-07-06,3050000,동대문구
6055,11110-00031,인왕산공원,근린공원,, 종로구 옥인동,37.58302366,126.9634885,201704.0,배드민턴장+체력단련시설,미끄럼틀+조합놀이대,화장실+음수대,도서관,,2020-06-29,서울특별시 종로구청,02-2148-2835,2022-07-07,3000000,종로구
6060,11110-00039,부암튼튼공원,소공원,, 종로구 부암동,37.59228294,126.9645674,1258.0,족구장,미끄럼틀+암벽오르기,,,,2011-06-09,서울특별시 종로구청,02-2148-2832,2022-07-07,3000000,종로구
6089,11110-00011,내수어울공원,근린공원,, 종로구 내수동,37.57368596,126.9703773,2392.1,체력단련시설,,음수대,,,2000-03-09,서울특별시 종로구청,02-2148-2845,2022-07-07,3000000,종로구
6090,11110-00012,내수공원,근린공원,, 종로구 내수동,37.5723883,126.9715781,2192.2,체력단련시설,,음수대,,,2000-03-09,서울특별시 종로구청,02-2148-2845,2022-07-07,3000000,종로구
6091,11110-00013,사직공원,근린공원,서울특별시 종로구 사직로9길 7 (사직동), 종로구 사직동,37.57628582,126.9682319,168099.8,궁도장+배드민턴장+체력단련시설,,,,,2006-07-06,서울특별시 종로구청,02-2148-2835,2022-07-07,3000000,종로구
6092,11110-00014,월암공원,근린공원,, 종로구 송월동,37.57077796,126.9657457,10662.0,체력단련시설,,,,,2006-08-31,서울특별시 종로구청,02-2148-2843,2022-07-07,3000000,종로구
6097,11110-00019,경희궁공원,역사공원,서울특별시 종로구 새문안로 55 (신문로2가), 종로구 신문로,37.57049685,126.9710752,100930.0,체력단련시설,,음수대,,,2009-05-28,서울특별시 종로구청,02-2148-2843,2022-07-07,3000000,종로구
6100,11110-00022,삼청공원,근린공원,서울특별시 종로구 북촌로 134-1 (삼청동), 종로구 삼청동,37.58769948,126.983451,468348.2,테니스장+농구장+배드민턴장+체력단련시설,,화장실,동상+탑기념비,숲속도서관,2020-06-29,서울특별시 종로구청,02-2148-2843,2022-07-07,3000000,종로구
6101,11110-00023,와룡공원,근린공원,서울특별시 종로구 와룡공원길 192 (명륜3가), 종로구 명륜3,37.591168,126.990122,204369.0,테니스장+배드민턴장+체력단련시설,,화장실+음수대,,,2010-01-21,서울특별시 종로구청,02-2148-2843,2022-07-07,3000000,종로구
6102,11110-00024,숭인공원,근린공원,서울특별시 종로구 동망산길 150 (숭인동), 종로구 숭인동,37.57756126,127.0181626,45615.0,농구장+배드민턴장+체력단련시설,,화장실+음수대,,,2010-04-22,서울특별시 종로구청,02-2148-2843,2022-07-07,3000000,종로구
8668,11620-00001,상도근린공원,근린공원,서울특별시 관악구 국회단지길 144, 관악구 봉천동,37.491879,126.9414281,87458.0,배드민턴장,조합놀이대,화장실,,,1940-03-12,서울특별시 관악구청,02-879-6503,2022-10-15,3200000,관악구
9169,11530-00055,현화,소공원,, 구로구 고척동,37.50432419,126.8600969,720.0,체력단련시설 7점,,,,,2005-07-28,서울특별시 구로구청,02-860-3090,2023-01-27,3160000,구로구
9170,11530-00054,구로동(다울),소공원,, 구로구 구로동,37.49253575,126.888217,243.39,체력단련시설 4점,,,,,2008-03-31,서울특별시 구로구청,02-860-3090,2023-01-27,3160000,구로구
9171,11530-00053,무궁화,소공원,, 구로구 고척동,37.50495918,126.8650559,116600.0,체력단련시설 3점,,,,,2006-09-21,서울특별시 구로구청,02-860-3090,2023-01-27,3160000,구로구
9180,11545-00030,남서울,어린이공원,, 금천구 시흥동,37.448336,126.902123,1155.7,게이트볼장,,음수대,,CCTV,1971-11-22,서울특별시 금천구청,02-2627-1654,2022-08-31,3170000,금천구
9185,11545-00035,중앙,어린이공원,, 금천구 시흥동,37.44561107,126.9005113,1515.0,배드민턴장,조합놀이대+그네,음수대,,,1971-11-22,서울특별시 금천구청,02-2627-1654,2022-08-31,3170000,금천구
9202,11545-00001,감로천생태공원,근린공원,, 금천구 독산동,37.46964774,126.9078499,15000.0,배드민턴장+게이트볼장,,,,CCTV,1968-01-15,서울특별시 금천구청,02-2627-1655,2022-08-31,3170000,금천구
9203,11545-00002,산기슭공원,근린공원,서울특별시 금천구 독산로54길 6, 금천구 시흥동,37.46364031,126.9076165,8412.0,다목적운동장,조합놀이대,화장실,,CCTV,1968-01-15,서울특별시 금천구청,02-2627-1655,2022-08-31,3170000,금천구
9204,11545-00003,금천체육공원,근린공원,서울특별시 금천구 독산로54길 102-27, 금천구 독산동,37.468313,126.908522,18083.0,다목적운동장+농구장+배드민턴장,조합놀이대+흔들놀이+그네+시소,화장실+음수대+공중전화,,CCTV,1968-01-15,서울특별시 금천구청,02-2627-1655,2022-08-31,3170000,금천구
9205,11545-00004,삼성산시민휴식공원,근린공원,, 금천구 시흥동,37.454747,126.9100496,10118.0,배드민턴장,조합놀이대+흔들놀이,,,CCTV,1968-01-15,서울특별시 금천구청,02-2627-1655,2022-08-31,3170000,금천구
9206,11545-00005,독산자연공원,근린공원,, 금천구 독산동,37.47348901,126.9072777,7650.0,배드민턴장+테니스장,,화장실+음수대+주차장,,,1968-01-15,서울특별시 금천구청,02-2627-1653,2022-08-31,3170000,금천구
9207,11545-00006,독산근린공원,근린공원,, 금천구 독산동,37.46327361,126.8849344,18005.5,축구장+배드민턴장,,화장실+음수대,,CCTV,1987-08-27,서울특별시 금천구청,02-2627-1653,2022-08-31,3170000,금천구
9251,11200-00014,아남,어린이공원,서울특별시 성동구 아차산로15길 52, 성동구 성수동,37.5473259773,127.0646690638,984.1,족구장+농구장+체력단련시설,,,,,1985-02-14,서울특별시 성동구,02-2886-5655,2022-08-30,3030000,성동구
9256,11200-00019,미소,어린이공원,서울특별시 성동구 난계로 95, 성동구 하왕십,37.560510061,127.0235037355,3411.0,체력단련시설,놀이대+모래밭,,,,1974-03-29,서울특별시 성동구,02-2886-5655,2022-08-30,3030000,성동구
9257,11200-00020,응삼,어린이공원,서울특별시 성동구 고산자로 160, 성동구 응봉동,37.5543398304,127.0348841525,1646.7,체력단련시설,조합놀이대+그네+미끄럼틀,,,,1975-04-25,서울특별시 성동구,02-2886-5655,2022-08-30,3030000,성동구
9258,11200-00021,상원,어린이공원,서울특별시 성동구 상원길 39, 성동구 성수동,37.5475329781,127.0483982207,2636.0,체력단련시설,조합놀이대+그네,,,,2001-04-12,서울특별시 성동구,02-2886-5655,2022-08-30,3030000,성동구
9263,11200-00024,도선,어린이공원,서울특별시 성동구 홍익동 무학로8길 8 도선동공영주차장, 성동구 홍익동,37.56550468,127.031418,2332.5,체력단련시설,조합놀이대,,,,2005-03-11,서울특별시 성동구,02-2886-5655,2022-08-30,3030000,성동구
9264,11200-00025,살구골,어린이공원,서울특별시 성동구 고산자로 177, 성동구 행당동,37.55573009,127.0335764,1573.9,체력단련시설,,,,,2004-11-10,서울특별시 성동구,02-2886-5655,2022-08-30,3030000,성동구
9265,11200-00026,금동,어린이공원,서울특별시 성동구 무수막길 16, 성동구 금호동,37.549422288,127.0256914528,2591.0,체력단련시설,조합놀이대+모래밭+미끄럼틀+시소,,,,2006-07-20,서울특별시 성동구,02-2886-5655,2022-08-30,3030000,성동구
9266,11200-00029,논골새싹,어린이공원,서울특별시 성동구 난계로 56, 성동구 행당동,37.5575113137,127.0250458,2837.1,체력단련시설+농구장,조합놀이대+그네,화장실,,,2010-02-20,서울특별시 성동구,02-2886-5655,2022-08-30,3030000,성동구
9267,11200-00030,꽃재,어린이공원,서울특별시 성동구 마장로 161, 성동구 하왕십,37.5678193398,127.0278897345,2810.0,운동장+체력단련시설,조합놀이대+오르기놀이대,,,,2007-08-13,서울특별시 성동구,02-2286-5655,2022-08-30,3030000,성동구
9268,11200-00031,전관원,어린이공원,서울특별시 성동구 살곶이길 327, 성동구 행당동,37.5546744736,127.0404901794,4760.0,체력단련시설,시소,,,,2008-07-31,서울특별시 성동구,02-2286-5655,2022-08-30,3030000,성동구
9269,11200-00033,동부,소공원,서울특별시 성동구 왕십리로6길 30, 성동구 성수동,37.545245833,127.0474356,251.0,체력단련시설,,,,,2009-05-28,서울특별시 성동구,02-2886-5655,2022-08-30,3030000,성동구
9270,11200-00034,청송,소공원,서울특별시 성동구 아차산로9길 20, 성동구 성수동,37.5459959331,127.0587894152,798.7,체력단련시설,,,,,2009-05-28,서울특별시 성동구,02-2886-5655,2022-08-30,3030000,성동구
9271,11200-00035,향림,소공원,서울특별시 성동구 성수일로10길 23, 성동구 성수동,37.547036659,127.0533154,987.8,체력단련시설,,,,,2009-05-28,서울특별시 성동구,02-2886-5655,2022-08-30,3030000,성동구
9272,11200-00036,장미,소공원,서울특별시 성동구 동일로 227, 성동구 송정동,37.5522684,127.069422196,485.4,체력단련시설,,,,,2006-05-18,서울특별시 성동구,02-2886-5655,2022-08-30,3030000,성동구
9273,11200-00037,금옥,소공원,서울특별시 성동구 금호로 117, 성동구 금호동,37.5530604673,127.0214355952,1230.0,체력단련시설,,,,,2006-07-20,서울특별시 성동구,02-2886-5655,2022-08-30,3030000,성동구
9274,11200-00038,금남,소공원,서울특별시 성동구 금호산8길 13, 성동구 금호동,37.5505481318,127.0213924385,834.0,체력단련시설,,,,,2006-11-30,서울특별시 성동구,02-2886-5655,2022-08-30,3030000,성동구
9275,11200-00039,옥정,소공원,서울특별시 성동구 옥수동 매봉길 21 서울성동지역자활센터, 성동구 옥수동,37.5458337,127.0153489,711.76,체력단련시설,,,,,2006-06-29,서울특별시 성동구,02-2886-5655,2022-08-30,3030000,성동구
9276,11200-00040,매봉,소공원,서울특별시 성동구 매봉길 50, 성동구 옥수동,37.547295491,127.0121475,2006.7,체력단련시설,,,,,2006-06-29,서울특별시 성동구,02-2886-5655,2022-08-30,3030000,성동구
9277,11200-00041,왕십리 KCC스위첸,소공원,서울특별시 성동구 무학봉길 35, 성동구 하왕십,37.56067856,127.0268747531,1514.1,체력단련시설,,,,,2010-07-15,서울특별시 성동구,02-2286-5655,2022-08-30,3030000,성동구
9296,11200-00001,응봉,근린공원,서울특별시 성동구 독서당로63길 85(금호동1가),,37.5537419317,127.0273495294,417284.88,농구장+배드민턴장+게이트볼장+체력단련시설,조합놀이대+모래밭+그네+시소,화장실,독서실,,1977-07-14,서울특별시 성동구,02-2886-5656,2022-08-30,3030000,성동구
9297,11200-00002,달맞이,근린공원,서울특별시 성동구 독서당로40길 25, 성동구 금호동,37.5433496006,127.0193024442,63411.43,배드민턴장+체력단련시설,조합놀이대+시소,화장실,,,1940-03-12,서울특별시 성동구,02-2886-5656,2022-08-30,3030000,성동구
9298,11200-00003,무학봉,근린공원,서울특별시 성동구 난계로 114-31, 성동구 하왕십,37.5612312466,127.0259523173,28843.0,배드민턴장+농구장+체력단련시설,,화장실,,,1977-07-14,서울특별시 성동구,02-2886-5656,2022-08-30,3030000,성동구
9299,11200-00004,금호,근린공원,서울특별시 성동구 금호산길 5-15(금호동3가), 성동구 금호동,37.5490411673,127.0190198709,13467.8,다목적체육관+체력단련시설,,,문화회관,,1963-04-26,서울특별시 성동구,02-2886-5656,2022-08-30,3030000,성동구
9300,11200-00005,용답휴식,근린공원,서울특별시 성동구 천호대로 232, 성동구 용답동,37.5699910562,127.0468202035,6046.9,배드민턴장+농구장+체력단련시설,,화장실,,,1963-04-26,서울특별시 성동구,02-2886-5656,2022-08-30,3030000,성동구
9301,11200-00006,성수,근린공원,서울특별시 성동구 연무장3길 14, 성동구 성수동,37.5447708559,127.0518410535,5197.7,농구장+체력단련시설,,화장실,,,1997-03-21,서울특별시 성동구,02-2886-5656,2022-08-30,3030000,성동구
9302,11200-00007,성원,어린이공원,서울특별시 성동구 상원10길 21, 성동구 성수동,37.55011556,127.0499031187,982.5,체력단련시설,조합놀이대+모래밭,,,,1961-04-16,서울특별시 성동구,02-2886-5655,2022-08-30,3030000,성동구
9386,11380-00084,응암1동마을마당,기타공원,, 은평구 응암 ,37.630017,126.930244,635.3,"크로스컨트리1,롤링웨이스트1,온몸근육풀기1,허리돌리기2","모래놀이터1,조합놀이대1",,,,,서울특별시 은평구시설관리공단,02-350-5248,2021-05-01,3110000,은평구
9387,11380-00085,불광3동마을숲마을마당,기타공원,, 은평구 불광3,37.587015,126.923141,807.0,"스텝싸이클1,크로스컨트리1,트윈바디실업1,체어웨이트1,온몸역기올리기1","사면슬라이드놀이대1,모래놀이터1",,,,,서울특별시 은평구시설관리공단,02-350-5248,2021-05-01,3110000,은평구
9388,11380-00086,대조동청사옆마을마당,기타공원,, 은평구 대조 ,37.644332,126.918009,130.3,"스윙워커머신1,트위스트머1,서핑롤링머신1",,음수대1,,,,서울특별시 은평구시설관리공단,02-350-5248,2021-05-01,3110000,은평구
9389,11380-00087,연천초교앞마을마당,기타공원,, 은평구 불광2,37.605192,126.923387,347.0,"트윈트위스트1,스트레칭로라1","모래놀이집1,모래놀이터1",,,,,서울특별시 은평구시설관리공단,02-350-5248,2021-05-01,3110000,은평구
9390,11380-00088,구산동마을공원,기타공원,, 은평구 구산동,37.601518,126.929762,2811.0,"파도타기1,온몸역기올리기1,온몸허리돌리기1,온몸근육풀기1,옆파도타기1,온몸지압기1,다리뻗히기1,마라톤운동1,온몸허리돌리기1","조합놀이대1, 모래놀이터1,파이프놀이대4","바닥분수1, 음수대1,화장실1, 공중전화1",,,,서울특별시 은평구시설관리공단,02-350-5248,2021-05-01,3110000,은평구
9392,11380-00090,응암3동마을마당,기타공원,, 은평구 응암3,37.605954,126.927616,518.0,"온몸허리돌리기1,다리뻗히기1,온몸근육풀기1,하늘걷기1",,,,,,서울특별시 은평구시설관리공단,02-350-5248,2021-05-01,3110000,은평구
9393,11380-00091,구현초교 앞마을마당,기타공원,, 은평구 구산동,37.616116,126.930421,541.0,"온몸지압기1,온몸근육풀기1,온몸역기올리기1",,,,,,서울특별시 은평구시설관리공단,02-350-5248,2021-05-01,3110000,은평구
9394,11380-00092,녹번동마을마당,기타공원,, 은평구 녹번동,37.608536,126.907223,754.0,"온몸허리돌리기1,옆파도타기1,하늘걷기1,온몸근육풀기1","조합놀이대1,흔들놀이2",,,,,서울특별시 은평구시설관리공단,02-350-5248,2021-05-01,3110000,은평구
9395,11380-00093,연신초교옆마을마당,기타공원,, 은평구 불광3,37.610501,126.918888,711.0,"온몸지압기1,온몸허리돌리기1,온몸근육풀기1,하늘걷기1,온몸역기올리기1",유아용조합놀이대1 그네1,음수대1,,,,서울특별시 은평구시설관리공단,02-350-5248,2021-05-01,3110000,은평구
9396,11380-00094,구산동청사앞소공원,기타공원,, 은평구 구산동,37.599395,126.932051,335.9,"온몸허리돌리기1,온몸근육풀기1,온몸허리돌리기1,온몸근육풀기1, 하늘걷기1",,,,,,서울특별시 은평구시설관리공단,02-350-5248,2021-05-01,3110000,은평구
9399,11380-00097,팜스퀘어 소공원,기타공원,, 은평구 대조동,37.597018,126.906734,268.8,"온몸지압기1,온몸허리돌리기1,파도타기1, 하체근육풀기1",,,,,,서울특별시 은평구시설관리공단,02-350-5248,2021-05-01,3110000,은평구
9400,11380-00098,신사2동 공공공지,기타공원,, 은평구 신사2,37.593894,126.908112,1848.0,"허리돌리기1, 오금펴기1,상체근육풀기1,하체근육풀기1,양팔로프당기기1,등,허리지압기1,",,,,,,서울특별시 은평구시설관리공단,02-350-5248,2021-05-01,3110000,은평구
9401,11380-00099,오손길마을마당,기타공원,, 은평구 응암동,37.591562,126.902567,139.0,"하늘걷기1,옆회전운동1,원그리기운동1",,,,,,서울특별시 은평구시설관리공단,02-350-5248,2021-05-01,3110000,은평구
9402,11380-00100,평화공원,기타공원,, 은평구 녹번동,37.6051488334,126.9230105,5700.1,"공중걷기, 마라톤달리기 등",,"분수1, 조각상2, 동상1, 기념비1, 관리초소2, 음수대1, 지하주차장1",,,,서울시특별시 은평구청 공원녹지과,02-351-8014,2021-05-01,3110000,은평구
9404,11200-00008,동마장,어린이공원,서울특별시 성동구 마장동 마장로42길 13 동마장어린이공원, 성동구 마장동,37.56622804,127.0456969,1090.9,체력단련시설,조합놀이대+모래밭,화장실,,,1977-02-04,서울특별시 성동구,02-2886-5655,2022-08-30,3030000,성동구
9406,11200-00010,사근,어린이공원,서울특별시 성동구 사근동 291-10, 성동구 사근동,37.563417,127.0475948007,496.0,체력단련시설,조합놀이대+시소,,,,1979-08-20,서울특별시 성동구,02-2886-5655,2022-08-30,3030000,성동구
9407,11200-00011,마장,어린이공원,서울특별시 성동구 마조로 51-2, 성동구 마장동,37.5623345806,127.041500302,911.0,체력단련시설,조합놀이대+그네+시소,,,,1977-04-28,서울특별시 성동구,02-2886-5655,2022-08-30,3030000,성동구
9408,11200-00012,성삼,어린이공원,서울특별시 성동구 성수이로18길 31, 성동구 성수동,37.5419531271,127.0606154711,1812.2,배드민터장+체력단련시설,,화장실,,,1961-04-16,서울특별시 성동구,02-2886-5655,2022-08-30,3030000,성동구
9425,11380-00071,금암문화공원 (은평뉴타운제1호문화공원),주제공원,, 은평구 진관동,37.624806,126.92741,6857.1,운동시설8,,,,,,서울시특별시 은평구청 공원녹지과,02-351-8008,2021-05-01,3110000,은평구
9428,11380-00074,구산마을마당,기타공원,, 은평구 구산 ,37.595561,126.904347,387.0,"온몸근육풀기1,궁중걷기1,허리돌리기1",장기판1,,,,,서울특별시 은평구시설관리공단,02-350-5248,2021-05-01,3110000,은평구
9429,11380-00075,신사마을마당,기타공원,, 은평구 불광1,37.594385,126.908643,203.0,"하늘걷기1,마라톤운동1,온몸근육풀기1","조합놀이대1,흔들놀이2",,,,,서울특별시 은평구시설관리공단,02-350-5248,2021-05-01,3110000,은평구
9430,11380-00076,대조마을마당,기타공원,, 은평구 대조 ,37.641342,126.942228,183.5,"온몸역기올리기1,온몸근육풀기1",,,,,,서울특별시 은평구시설관리공단,02-350-5248,2021-05-01,3110000,은평구
9431,11380-00077,자투리(녹번)마을마당,기타공원,, 은평구 녹번 ,37.599552,126.915551,165.0,"로라마사지기머신1,오버헤드폴리머신1",,,,,,서울특별시 은평구시설관리공단,02-350-5248,2021-05-01,3110000,은평구
9432,11380-00078,자투리(신사)마을마당,기타공원,, 은평구 신사2,37.618267,126.932812,236.0,허리돌리기2,,,,,,서울특별시 은평구시설관리공단,02-350-5248,2021-05-01,3110000,은평구
9433,11380-00079,불광동마을마당,기타공원,, 은평구 불광 ,37.618267,126.932812,324.0,"온몸돌리기1,온몸밀어올리기1",,,,,,서울특별시 은평구시설관리공단,02-350-5248,2021-05-01,3110000,은평구
9434,11380-00080,역촌동마을마당,기타공원,, 은평구 역촌 ,37.619234,126.936128,230.1,"온몸근육풀기1,온몸역기올리기1,옆파도타기1",,,,,,서울특별시 은평구시설관리공단,02-350-5248,2021-05-01,3110000,은평구
9435,11380-00081,갈현동마을마당,기타공원,, 은평구 갈현 ,37.619234,126.936128,249.9,"하늘걷기1,온몸허리돌리기1",,,,,,서울특별시 은평구시설관리공단,02-350-5248,2021-05-01,3110000,은평구
9436,11380-00082,신사2동마을마당,기타공원,, 은평구 신사 ,37.61227,126.939287,175.0,"허리돌리기2,공중걷기1,상체근육풀기1",,,,,,서울특별시 은평구시설관리공단,02-350-5248,2021-05-01,3110000,은평구
9438,11380-00031,다래어린이공원,어린이공원,, 은평구 응암동,37.59242,126.910584,584.9,"크로스컨트리1, 워밍암1,체어웨이트1, 풀웨이트1,,트윈트위스트1, 롤링웨이스트1,스트레칭로라1,레그스트레치 1","조합놀이대1,그네1,유아용조합놀이대1,흔들놀이 2",아리수음수대1,,,,서울특별시 은평구시설관리공단,02-350-5248,2021-05-01,3110000,은평구
9439,11380-00032,연신어린이공원,어린이공원,, 은평구 불광 ,37.600268,126.906472,1236.0,"온몸허리돌리기2,거꾸리머신1,온몸근육풀기1,온몸지압기1,하늘걷기1,옆파도타기1","조합놀이대1,그네 1,시소2,흔들놀이 2",화장실1,,,,서울특별시 은평구시설관리공단,02-350-5248,2021-05-01,3110000,은평구
9440,11380-00033,양천리누리터 어린이공원,어린이공원,, 은평구 녹번동,37.640075,126.932882,5153.3,"트윈트위스트1, 체어웨이트1,롤링웨이스트1","조합놀이대1,유아조합놀이대2,4인시소2, 흔들놀이대4,그네1, 건너는기구1,,스피드레이서1","화장실1,음수대1,바닥분수 1",,,,서울특별시 은평구시설관리공단,02-350-5248,2021-05-01,3110000,은평구
9441,11380-00034,응암3재건축구역내 어린이공원,어린이공원,, 은평구 응암동,37.5930200359,126.9221859255,1602.0,"사이클1,트위스트1,레그프레스1,크로스컨트리1,로잉머신1","조합놀이대1,그네1,흔들놀이3",음수대 1,,,,서울특별시 은평구시설관리공단,02-350-5248,2021-05-01,3110000,은평구
9442,11380-00035,응암10재개발구역내 어린이공원,어린이공원,, 은평구 응암동,37.618784,126.930834,4144.8,"어깨손목돌리기1,옆파도타기1,구름다리걷기2,다리뻗히기2,배드민턴장1","조합놀이대1,그네2,시소1, 흔들놀이대2,,모래놀이시설 1","음수대 1,바닥분수 1",,,,서울특별시 은평구시설관리공단,02-350-5248,2021-05-01,3110000,은평구
9443,11380-00036,응암1구역어린이공원,어린이공원,, 은평구 응암동,37.629366,126.927014,3090.1,"역기내리기1, 달리기운동1,노젓기1, 하늘걷기1,허리돌리기1, 평행봉1,오금펴기1,상체돌리기1","그네 1,미끄럼틀 1,흔들놀이기구 2,등반오르기 1,조합놀이대 1 모래놀이터 1,시소1","음수대 1,벽천분수 1",,,,서울특별시 은평구시설관리공단,02-350-5248,2021-05-01,3110000,은평구
9465,11380-00009,역말어린이공원,어린이공원,, 은평구 역촌 ,37.598043,126.919446,966.3,"트윈스텝싸이클1,트윈체어풀1,트윈크로스컨트리1,철봉1,파도타기1, 공중걷기1","조합놀이대1,그네1,유아조합놀이대1,흔들놀이대2,모래놀이시설","화장실1, 음수대1",,,,서울특별시 은평구시설관리공단,02-350-5248,2021-05-01,3110000,은평구
9466,11380-00010,인조유기비어린이공원,어린이공원,, 은평구 역촌 ,37.595367,126.917374,1256.9,"롤링웨이스트 1,크로스컨트리 1",조합놀이대 1,,,,,서울특별시 은평구시설관리공단,02-350-5248,2021-05-01,3110000,은평구
9467,11380-00011,대조어린이공원,어린이공원,, 은평구 대조 ,37.601073,126.918478,4176.9,"옆파도타기 1,온몸근육풀기 1,온몸역기올리기 1,마라톤운동 1,온몸지압기 1,온몸허리돌리기 1,하늘걷기 1,거꾸리머신 1, 바디싣업 1","조합놀이대1,유아용조합놀이대1,흔들놀이2,기타2,건너는기구1,모래놀이시설","공중전화2,시계탑1,화장실1,음수대2",,,,서울특별시 은평구시설관리공단,02-350-5248,2021-05-01,3110000,은평구
9468,11380-00012,길마어린이공원,어린이공원,, 은평구 갈현 ,37.606876,126.914238,1596.7,"파도타기 1(2020.),입식헬스싸이클 1,상체근육풀기 1,역기올리기 1,전신하늘걷기 1,트위스트머신 1,달리기운동 1","조합놀이대1,유아용조합놀이대1,그네1, 시소2,흔들놀이 2,날으는흔들놀이 2","파고라3,등의자8,연식의자2",,,,서울특별시 은평구시설관리공단,02-350-5248,2021-05-01,3110000,은평구
9469,11380-00013,궁말어린이공원,어린이공원,, 은평구 갈현 ,37.608641,126.916513,1190.0,"파도타기1,허리돌리기1,무릎펴서걷기1","조합놀이대1,요술 거울5,흔들놀이2,모래놀이시설","안내판3,공원등3,CCTV2,음수대1",,,,서울특별시 은평구시설관리공단,02-350-5248,2021-05-01,3110000,은평구
9470,11380-00014,박석어린이공원,어린이공원,, 은평구 갈현 ,37.616846,126.908951,856.9,"파도타기 1,공중걷기 1,좌식자전거운동 1,철봉 1","조합놀이대1,그네1,흔들놀이3","화장실1,음수대1",,,,서울특별시 은평구시설관리공단,02-350-5248,2021-05-01,3110000,은평구
9471,11380-00015,좌월어린이공원,어린이공원,, 은평구 갈현 ,37.598914,126.911312,1398.3,"허리돌리기 2, 철봉 1,윗몸일으키기 1,온몸역기올리기 1,온몸근육풀기 1,거꾸리머신 1,러닝싸이클 1,옆회전운동 1,공중걷기 1,싸이클링트레이너 1","조합놀이대1,유아용조합놀이대1,그네 1, 흔들놀이 1,흔들말 2",화장실1 (25㎡),,,,서울특별시 은평구시설관리공단,02-350-5248,2021-05-01,3110000,은평구
9472,11380-00016,갈곡리어린이공원,어린이공원,, 은평구 갈현 ,37.595946,126.911954,1738.7,"워밍암 1,크로스컨트리 1,체어웨이트 1,파도타기 1","조합놀이대2,시소 1,그네 1,흔들놀이2",음수대1,,,,서울특별시 은평구시설관리공단,02-350-5248,2021-05-01,3110000,은평구
9473,11380-00017,새락골어린이공원,어린이공원,, 은평구 신사 ,37.582994,126.906559,994.0,"하늘걷기1,옆파도타기1,멀티즘1","조합놀이대1, 그네1,시소2,흔들놀이2",화장실1(49.35㎡) 음수대1,,,,서울특별시 은평구시설관리공단,02-350-5248,2021-05-01,3110000,은평구
9475,11380-00019,분토골어린이공원,어린이공원,, 은평구 증산 ,37.621482,126.915707,996.0,"허리흔들기1,허리돌리기1,하늘걷기1","조합놀이대1,그네1,흔들놀이2,모래놀이시설",화장실1 (19.8㎡),,,,서울특별시 은평구시설관리공단,02-350-5248,2021-05-01,3110000,은평구
9476,11380-00020,서갈현어린이공원,어린이공원,, 은평구 갈현 ,37.583268,126.916127,1532.2,"파도타기 1,공중걷기 1,달리기운동 1","조합놀이대1,그네1,흔들말3,모래놀이시설",화장실1(42.6㎡) 음수대1,,,,서울특별시 은평구시설관리공단,02-350-5248,2021-05-01,3110000,은평구
9477,11380-00021,새장골어린이공원,어린이공원,, 은평구 불광 ,37.611011,126.908075,992.0,"어께손목돌리기1,무릎펴서걷기1,허리돌리기1","조합놀이대1,그네1,모래놀이시설",화장실1(25㎡) 음수대1,,,,서울특별시 은평구시설관리공단,02-350-5248,2021-05-01,3110000,은평구
9479,11380-00023,관동어린이공원,어린이공원,, 은평구 불광 ,37.623992,126.916508,331.0,"헨들웨이트1,롤링웨이스트1,멀티즘1",조합놀이대1,음수대1,,,,서울특별시 은평구시설관리공단,02-350-5248,2021-05-01,3110000,은평구
9481,11380-00025,신흥어린이공원,어린이공원,, 은평구 신사 ,37.60631,126.9342,937.9,"달리기운동1,파도타기1,공중걷기1","조합놀이대1,시소2, 그네1,모래놀이시설","화장실1,음수대1",,,,서울특별시 은평구시설관리공단,02-350-5248,2021-05-01,3110000,은평구
9482,11380-00026,아까시아어린이공원,어린이공원,, 은평구 신사 ,37.591312,126.928971,982.0,"롤링웨이스트 1,트리플트위스트 1,워밍암 1",,,,,,서울특별시 은평구시설관리공단,02-350-5248,2021-05-01,3110000,은평구
9483,11380-00027,개나리어린이공원,어린이공원,, 은평구 신사 ,37.590721,126.905813,2896.0,"제자리높이뛰기1,무릎펴서걷기1,허리돌리기2, 허리흔들기2",조합놀이대1,,,,,서울특별시 은평구시설관리공단,02-350-5248,2021-05-01,3110000,은평구
9484,11380-00028,응암4동어린이공원,어린이공원,, 은평구 응암 ,37.605483,126.930922,1526.0,"크로스컨트리1, 워밍암1,스트레칭로라1, 멀티즘1,롤링웨이트1, 풀웨이트1,오버턴스트레칭1,허리돌리기1",조합놀이대1,음수대1,,,,서울특별시 은평구시설관리공단,02-350-5248,2021-05-01,3110000,은평구
9485,11380-00029,불광어린이공원,어린이공원,, 은평구 불광 ,37.603157,126.929288,496.0,"트리플트위스트1,롤링웨이스트 1","조합놀이대1,그네1",음수대1,,,,서울특별시 은평구시설관리공단,02-350-5248,2021-05-01,3110000,은평구
9486,11380-00030,응암9어린이공원,어린이공원,, 은평구 응암동,37.603459,126.932237,2244.3,"양팔줄운동1,파도타기1,마라톤운동1,온몸허리돌리기1","조합놀이대1,경사놀이대1, 그네1, 시소1, 미끄럼틀1,흔들놀이1, 유아놀이대1,모래놀이시설","음수대1,벽천1",,,,서울특별시 은평구시설관리공단,02-350-5248,2021-05-01,3110000,은평구
9491,11290-00042,꿈빛,소공원,, 성북구 정릉동,37.586644,127.012756,719.0,체력단련시설4,,"정자1, 장의자3",,,2007-05-17,서울특별시 성북구청,02-2241-3668,2021-06-16,3070000,성북구
9496,11290-00047,별빛누리,소공원,, 성북구 정릉동,37.612095,126.985863,949.0,체력단련시설4,,"파고라1, 장의자7",,,2006-10-19,서울특별시 성북구청,02-2241-3668,2021-06-16,3070000,성북구
9499,11290-00050,상길례,문화공원,, 성북구 장위동,37.6196908,127.0431887,4090.2,체력단련시설4,,장의자10,,,2008-04-03,서울특별시 성북구청,02-2241-3668,2021-06-16,3070000,성북구
9500,11290-00051,북악산,근린공원,, 성북동 산 2,37.5931371,126.9871874,87616.5,체력단력기구35,,,,,2020-06-29,서울특별시 성북구청,02-2241-3668,2021-06-16,3070000,성북구
9503,11380-00001,새록어린이공원,어린이공원,, 은평구 녹번 ,37.625092,126.926178,956.0,"트윈트위스트 1,스트레칭로라 1,워밍맘 1,철봉1, 평행봉1","조합놀이대1,그네 1,시소2","원형시계1, 화장실1, 사무실1",,,,서울특별시 은평구시설관리공단,02-350-5248,2021-05-01,3110000,은평구
9504,11380-00002,응암어린이공원,어린이공원,, 은평구 응암 ,37.615323,126.919745,992.1,"트윈위밍암 1, 파도타기1,크로스컨트리 1,허리돌리기 2,스트레칭로라 1,거꾸리머신 1",조합놀이대1유아용조합놀이대1,화장실1,,,,서울특별시 은평구시설관리공단,02-350-5248,2021-05-01,3110000,은평구
9505,11380-00003,신록어린이공원,어린이공원,, 은평구 녹번 ,37.614689,126.915685,469.0,"온몸당겨올리기 1,온몸밀어올리기 1,무릎펴서 걷기 1,어깨손목돌리기 1,허리돌리기 1, 허리흔들기1 ,레그프레스 1, 체어웨이트1",조합놀이대1,,,,,서울특별시 은평구시설관리공단,02-350-5248,2021-05-01,3110000,은평구
9507,11380-00004,참다래어린이공원,어린이공원,, 은평구 응암 ,37.617265,126.913295,954.4,"크로스컨트리1 허리돌리기1 스트레칭로라 1,스윙워커미신,온몸역기올리기 1,옆파도타기 1","조합놀이대1,그네1,시소1,흔들놀이5,모래놀이시설",음수대1 화장실1,,,,서울특별시 은평구시설관리공단,02-350-5248,2021-05-01,3110000,은평구
9508,11380-00005,포수동어린이공원,어린이공원,, 은평구 응암 ,37.625135,126.918535,987.8,"어깨손목돌리기1,무릎펴서걷기1,온몸비틀기1","조합놀이대1,그네1,모래놀이시설",화장실1 음수대1,,,,서울특별시 은평구시설관리공단,02-350-5248,2021-05-01,3110000,은평구
9509,11380-00006,시루메어린이공원,어린이공원,, 은평구 증산 ,37.603973,126.923728,999.6,철봉1,"조합놀이대1,유아용조합놀이대1,그네 1,흔들놀이2",화장실1,,,,서울특별시 은평구시설관리공단,02-350-5248,2021-05-01,3110000,은평구
9510,11380-00007,연서어린이공원,어린이공원,, 은평구 역촌 ,37.605114,126.938126,956.0,"온몸허리돌리기2,거꾸리머신1,온몸근육풀기1,온몸지압기1,하늘걷기1,옆파도타기1","조합놀이대1,그네 1,시소2,흔들놀이 2",화장실1,,,,서울특별시 은평구시설관리공단,02-350-5248,2021-05-01,3110000,은평구
9511,11380-00008,역마을어린이공원,어린이공원,, 은평구 역촌 ,37.601679,126.923517,949.1,"온몸허리돌리기,옆파도타기1,온몸역기올리기,온몸근육풀기1,하늘걷기,마라톤운동1","조합놀이대1,그네1,모래놀이시설","화장실1 화장실1,관리실1",,,,서울특별시 은평구시설관리공단,02-350-5248,2021-05-01,3110000,은평구
9538,11290-00011,배밭골,어린이공원,서울특별시 성북구 정릉로10길 46,,37.60812583,126.9986863,263.0,체력단련시설3,"그네1, 시소1, 조합놀이대1",장의자4,,,1983-12-23,서울특별시 성북구청,02-2241-3668,2021-06-16,3070000,성북구
9540,11290-00013,밤골,어린이공원,, 성북구 하월곡,37.607541,127.039921,600.0,체력단련시설3,"모래밭1, 시소1, 조합놀이대1",장의자4,,,1984-02-21,서울특별시 성북구청,02-2241-3668,2021-06-16,3070000,성북구
9541,11290-00014,햇살,어린이공원,, 성북구 상월곡,37.605878,127.048602,300.0,체력단련시설3,"모래밭1, 조합놀이대1",장의자8,,,1983-12-23,서울특별시 성북구청,02-2241-3668,2021-06-16,3070000,성북구
9543,11290-00016,동방,어린이공원,, 성북구 장위1,37.616598,127.043486,982.0,체력단련시설4,조합놀이대1,장의자7,,,1967-07-30,서울특별시 성북구청,02-2241-3668,2021-06-16,3070000,성북구
9544,11290-00017,샛별,어린이공원,, 성북구 석관동,37.614016,127.064186,1638.0,체력단련시설7,"그네1, 모래밭1, 시소1, 조합놀이대1",장의자8,,,1983-12-23,서울특별시 성북구청,02-2241-3668,2021-06-16,3070000,성북구
9545,11290-00018,돌뫼,어린이공원,, 성북구 석관동,37.605054,127.052698,350.0,체력단련시설7,조합놀이대1,"정자1, 장의자6",,,1983-12-23,서울특별시 성북구청,02-2241-3668,2021-06-16,3070000,성북구
9546,11290-00019,새소리,어린이공원,, 성북구 돈암1,37.600751,127.025382,1371.0,체력단련시설1,"그네1, 조합놀이대1",장의자3,,,1976-12-30,서울특별시 성북구청,02-2241-3668,2021-06-16,3070000,성북구
9548,11290-00021,솔향기,어린이공원,, 성북구 길음1,37.608108,127.021295,4031.0,체력단련시설4,"그네1, 모래밭1, 조합놀이대1","정자1, 장의자8",,,2003-12-05,서울특별시 성북구청,02-2241-3668,2021-06-16,3070000,성북구
9549,11290-00022,해맑은,어린이공원,, 성북구 길음1,37.608493,127.020925,2089.0,체력단련시설1,,장의자2,,,2003-12-05,서울특별시 성북구청,02-2241-3668,2021-06-16,3070000,성북구
9550,11290-00023,한울,어린이공원,, 성북구 정릉2,37.605709,127.013686,2675.0,체력단련시설8,"그네1, 모래밭1, 조합놀이대1","정자1, 장의자4",,,2003-12-05,서울특별시 성북구청,02-2241-3668,2021-06-16,3070000,성북구
9551,11290-00024,솔숲,어린이공원,, 성북구 정릉1,37.604746,127.014971,2922.0,체력단련시설5,"그네1, 모래밭1, 조합놀이대1","정자1, 장의자4",,,2005-07-29,서울특별시 성북구청,02-2241-3668,2021-06-16,3070000,성북구
9552,11290-00025,동망봉,어린이공원,, 성북구 보문동,37.5838591,127.017073,6730.0,체력단련시설3,조합놀이대1,"정자3, 장의자4",,,2007-10-04,서울특별시 성북구청,02-2241-3668,2021-06-16,3070000,성북구
9554,11290-00027,화랑,어린이공원,, 성북구 석관동,37.608453,127.054559,2213.0,체력단련시설4,"그네1, 모래밭1, 조합놀이대1",장의자12,,,2004-11-17,서울특별시 성북구청,02-2241-3668,2021-06-16,3070000,성북구
9555,11290-00028,매화,어린이공원,서울특별시 성북구 북악산로15길 42,,37.60011962,127.0207412,1595.0,체력단련시설4,조합놀이대1,장의자6,,,2004-11-17,서울특별시 성북구청,02-2241-3668,2021-06-16,3070000,성북구
9556,11290-00029,고암,어린이공원,, 성북구 종암동,37.599243,127.031027,1449.0,체력단련시설3,조합놀이대1,장의자6,,,2005-06-02,서울특별시 성북구청,02-2241-3668,2021-06-16,3070000,성북구
9557,11290-00030,옛시장,어린이공원,, 성북구 종암동,37.602273,127.033882,958.0,체력단련시설5,,장의자4,,,2005-09-08,서울특별시 성북구청,02-2241-3668,2021-06-16,3070000,성북구
9558,11290-00031,늘푸른,어린이공원,, 성북구 길음1,37.607521,127.018009,1580.0,체력단련시설3,,"정자1, 장의자4",,,2005-05-12,서울특별시 성북구청,02-2241-3668,2021-06-16,3070000,성북구
9559,11290-00032,아름,어린이공원,, 성북구 길음1,37.607521,127.018009,2167.0,체력단련시설2,"모래밭1, 조합놀이대1","정자1, 장의자2",,,2005-05-12,서울특별시 성북구청,02-2241-3668,2021-06-16,3070000,성북구
9560,11290-00033,벌집,어린이공원,, 성북구 종암동,37.599625,127.038799,1788.0,체력단련시설5,"그네1, 모래밭1, 조합놀이대1","정자2, 장의자2",,,2003-03-08,서울특별시 성북구청,02-2241-3668,2021-06-16,3070000,성북구
9561,11290-00034,일신,어린이공원,, 성북구 종암동,37.599625,127.038799,950.0,체력단련시설5,"그네1, 모래밭1, 조합놀이대1","정자2, 장의자1",,,2003-03-08,서울특별시 성북구청,02-2241-3668,2021-06-16,3070000,성북구
9562,11290-00035,길음골,소공원,, 성북구 길음1,37.609589,127.018679,1244.0,체력단련시설2,,"정자1, 장의자9",,,2005-05-12,서울특별시 성북구청,02-2241-3668,2021-06-16,3070000,성북구
9564,11290-00037,잔월,소공원,, 성북구 하월곡,37.604178,127.041001,481.0,체력단련시설2,,,,,2007-06-21,서울특별시 성북구청,02-2241-3668,2021-06-16,3070000,성북구
9565,11290-00001,성북,근린공원,, 성북구 돈암동,37.600528,127.023636,69676.5,"배드민턴장1, 체력단련시설9",,"정자3, 장의자43",문화회관1,,1940-03-12,서울특별시 성북구청,02-2241-3668,2021-06-16,3070000,성북구
9566,11290-00002,오동,근린공원,, 성북구 하월곡,37.6108706217,127.0406997992,233989.7,"배드민턴장6, 체력단련시설303",,"정자3, 노인정1, 장의자173",도서관1,,1966-02-05,서울특별시 성북구청,02-2241-3668,2021-06-16,3070000,성북구
9567,11290-00003,개운산,근린공원,, 성북구 돈암동,37.59741206,127.0257184,208618.0,체력단련시설6,,"정자4, 야외탁자5, 장의자71",,,1940-03-12,서울특별시 성북구청,02-2241-3668,2021-06-16,3070000,성북구
9568,11290-00004,청량,근린공원,, 성북구 석관동,37.604661,127.056385,329290.0,체력단련시설12,,"정자1, 장의자9",,,1940-03-12,서울특별시 성북구청,02-2241-3668,2021-06-16,3070000,성북구
9569,11290-00005,모랫말,근린공원,, 성북구 하월곡,37.604825,127.032787,1740.0,체력단련시설7,"그네1, 시소1, 조합놀이대1",장의자14,,,1997-12-03,서울특별시 성북구청,02-2241-3668,2021-06-16,3070000,성북구
9570,11290-00008,삼선,어린이공원,, 성북구 삼선동,37.5832358514,127.0103900048,10957.0,"배드민턴장1, 체력단련시설30","그네2, 모래밭1, 시소1, 정글집1, 조합놀이대1","정자3, 야외탁자3, 장의자41",,,1978-05-30,서울특별시 성북구청,02-2241-3668,2021-06-16,3070000,성북구
9571,11290-00009,범바위,어린이공원,, 성북구 안암동,37.585257,127.021534,1514.0,체력단련시설10,"그네1, 시소1, 조합놀이대1","정자1, 장의자4",,,1940-03-12,서울특별시 성북구청,02-2241-3668,2021-06-16,3070000,성북구
9572,11290-00010,꿈나라,어린이공원,, 성북구 보문동,37.580024,127.023018,1564.0,체력단련시설6,"그네1, 시소1, 조합놀이대1","정자1, 장의자7",,,1940-03-12,서울특별시 성북구청,02-2241-3668,2021-06-16,3070000,성북구
10472,11200-00047,하왕1-5구역,소공원,서울특별시 성동구 무학봉길 1, 성동구 하왕십,37.560075385,127.0241246196,1451.1,체력단련시설,,,,,2007-05-17,서울특별시 성동구,02-2886-5655,2022-08-30,3030000,성동구
10522,11200-00027,푸른,어린이공원,서울특별시 성동구 금호로1길 38, 성동구 금호동,37.5473327732,127.0235968,1681.8,체력단련시설,조합놀이대+그네,,,,2004-07-15,서울특별시 성동구,02-2886-5655,2022-08-30,3030000,성동구
10523,11200-00044,견우,어린이공원,서울특별시 성동구 왕십리로 410, 성동구 상왕십,37.5665904987,127.0240824632,1500.0,체력단련시설,조합놀이대+그네+흔들놀이기구,,,,2011-03-17,서울특별시 성동구,02-2886-5655,2022-08-30,3030000,성동구
10524,11200-00045,직녀,어린이공원,서울특별시 성동구 하왕십리동 마장로 164 기독교대한감리회 꽃재교회, 성동구 하왕십,37.5667467,127.0278177,1500.0,체력단련시설,조합놀이대+그네+흔들놀이기구,,,,2011-03-17,서울특별시 성동구,02-2886-5655,2022-08-30,3030000,성동구
10787,11740-00041,게내공원,어린이공원,서울특별시 강동구 상일로5길26(상일동), 강동구 상일동,37.549262,127.171472,1500.0,체력단련기구,모래놀이터,음수대,,,1980-03-27,서울특별시 강동구청,02-3425-6440,2022-07-21,3240000,강동구
10788,11740-00042,까치공원,어린이공원,, 강동구 상일동,37.547741,127.1621552,1965.8,농구장+체력단련기구,조합놀이대+그네,,,,1980-03-27,서울특별시 강동구청,02-3425-6440,2022-07-21,3240000,강동구
10790,11740-00044,파랑새공원,어린이공원,, 강동구 명일2,37.547964,127.150864,2017.3,체력단련기구,조합놀이대+흔들놀이,,,,1980-03-27,서울특별시 강동구청,02-3425-6440,2022-07-21,3240000,강동구
10791,11740-00045,은하수공원,어린이공원,서울특별시 강동구 양재대로145길8(명일동), 강동구 명일2,37.552017,127.1435031,2018.0,체력단련기구,조합놀이대+그네+흔들놀이+모래놀이터,,,,1980-03-27,서울특별시 강동구청,02-3425-6440,2022-07-21,3240000,강동구
10792,11740-00046,진달래공원,어린이공원,서울특별시 강동구 양재대로147길5(명일동), 강동구 명일2,37.5521507,127.1436747,2024.0,체력단련기구,조합놀이대+그네+시소+흔들놀이,,,,1980-03-27,서울특별시 강동구청,02-3425-6440,2022-07-21,3240000,강동구
12222,11410-00011,궁말어린이공원,어린이공원,, 서대문구 연희,37.571041,126.9336096,886.9,체력단련시설 3기,조합놀이대 1기+그네 1기,,,,1967-01-21,서울특별시 서대문구청,02-330-1714,2022-08-11,3120000,서대문구
12777,11560-00010,강마을어린이공원,어린이공원,, 영등포구 당산,37.532972,126.906681,3329.0,헬스형 운동기구 등,조합놀이대,"파고라, 음수대 등",,,1940-03-12,서울특별시 영등포구청,02-2670-3757,2022-09-29,3180000,영등포구
12778,11560-00011,양남어린이공원,어린이공원,서울특별시 영등포구 선유로23길 18, 영등포구 양평,37.523205,126.888303,1467.0,헬스형 운동기구 등,조합놀이대,"파고라, 평의자 등",,,1940-03-12,서울특별시 영등포구청,02-2670-3757,2022-09-29,3180000,영등포구
12779,11560-00012,산성어린이공원,어린이공원,, 영등포구 대림,37.4969774179,126.902594,413.0,헬스형 운동기구 등,조합놀이대,"정자, 평의자 등",,,1940-03-12,서울특별시 영등포구청,02-2670-3757,2022-09-29,3180000,영등포구
12780,11560-00013,다사랑어린이공원,어린이공원,서울특별시 영등포구 대림로23가길 5, 영등포구 대림,37.492834,126.899215,1632.0,헬스형 운동기구 등,조합놀이대,"파고라, 평의자 등",,,1963-04-26,서울특별시 영등포구청,02-2670-3757,2022-09-29,3180000,영등포구
12781,11560-00014,고추말어린이공원,어린이공원,, 영등포구 도림,37.511577,126.9070507192,3071.0,헬스형 운동기구 등,조합놀이대,"파고라, 음수대 등",,,1963-04-26,서울특별시 영등포구청,02-2670-3757,2022-09-29,3180000,영등포구
12782,11560-00015,대림어린이공원,어린이공원,서울특별시 영등포구 대림로 106, 영등포구 대림,37.491332,126.903016,6969.0,"게이트볼장, 배드민턴장",조합놀이대,"파고라, 평의자 등",,,1981-03-10,서울특별시 영등포구청,02-2670-3757,2022-09-29,3180000,영등포구
12783,11560-00016,서강어린이공원,어린이공원,, 영등포구 영등,37.5259219037,126.905848,1797.0,헬스형 운동기구 등,조합놀이대,"파고라, 평의자 등",,,1982-07-12,서울특별시 영등포구청,02-2670-3757,2022-09-29,3180000,영등포구
12784,11560-00017,원지어린이공원,어린이공원,서울특별시 영등포구 도림로47길 28, 영등포구 대림,37.497618,126.899642,4845.0,헬스형 운동기구 등,조합놀이대,"파고라, 평의자 등",,,1982-07-12,서울특별시 영등포구청,02-2670-3757,2022-09-29,3180000,영등포구
12785,11560-00018,동심어린이공원,어린이공원,서울특별시 영등포구 대림로35길 7, 영등포구 대림,37.498712,126.897293,2820.0,배드민턴장,조합놀이대,"파고라, 음수대 등",,,1982-07-12,서울특별시 영등포구청,02-2670-3757,2022-09-29,3180000,영등포구
12786,11560-00019,두암어린이공원,어린이공원,, 영등포구 대림,37.495512764,126.897371,1477.0,헬스형 운동기구 등,조합놀이대,"파고라, 음수대 등",,,1982-07-12,서울특별시 영등포구청,02-2670-3757,2022-09-29,3180000,영등포구
12787,11560-00020,신우어린이공원,어린이공원,서울특별시 영등포구 가마산로47길 13, 영등포구 대림,37.503539,126.899081,3112.0,헬스형 운동기구 등,조합놀이대,"파고라, 평의자 등",,,1982-07-12,서울특별시 영등포구청,02-2670-3757,2022-09-29,3180000,영등포구
12789,11560-00022,영등포근린공원,근린공원,서울특별시 영등포구 신길로 275, 영등포구 영등,37.516127,126.912126,61544.0,"게이트볼장, 풋살장, 배드민턴장, 농구장",조합놀이대,"음수대, 평의자 등",영등포문화원,,1997-05-10,서울특별시 영등포구청,02-2670-3715,2022-09-29,3180000,영등포구
12790,11560-00023,양평어린이공원,어린이공원,, 영등포구 양평,37.538015,126.898077,2845.0,헬스형 운동기구 등,조합놀이대,"파고라, 음수대 등",,,1998-04-06,서울특별시 영등포구청,02-2670-3757,2022-09-29,3180000,영등포구
12791,11560-00024,영일어린이공원,어린이공원,, 영등포구 영등,37.5101518295,126.9039189852,5413.0,헬스형 운동기구 등,조합놀이대,"파고라, 음수대 등",,,1999-02-03,서울특별시 영등포구청,02-2670-3757,2022-09-29,3180000,영등포구
12792,11560-00025,중마루근린공원,근린공원,서울특별시 영등포구 영등포로53길 14, 영등포구 영등,37.519919,126.911497,6456.0,족구장,,"음수대, 평의자 등",,,1998-10-15,서울특별시 영등포구청,02-2670-3716,2022-09-29,3180000,영등포구
12793,11560-00026,꿈에그린어린이공원,어린이공원,, 영등포구 신길,37.5030016645,126.9088393869,1619.0,헬스형 운동기구 등,조합놀이대,"파고라, 평의자 등",,,,서울특별시 영등포구청,02-2670-3757,2022-09-29,3180000,영등포구
12794,11560-00027,문래소공원,소공원,, 영등포구 문래,37.5197991972,126.8869024485,1954.0,헬스형 운동기구 등,,"파고라, 정자 등",,,2009-03-26,서울특별시 영등포구청,02-2670-3761,2022-09-29,3180000,영등포구
12795,11560-00028,인스빌1 소공원,소공원,, 영등포구 문래,37.514461,126.888327,1194.0,헬스형 운동기구 등,,평의자 등,,,2010-05-13,서울특별시 영등포구청,02-2670-3761,2022-09-29,3180000,영등포구
12796,11560-00029,인스빌2 소공원,소공원,, 영등포구 문래,37.513622,126.890546,1007.0,헬스형 운동기구 등,,"파고라, 평의자 등",,,2010-05-13,서울특별시 영등포구청,02-2670-3761,2022-09-29,3180000,영등포구
12797,11560-00030,꽃담 소공원,소공원,, 영등포구 당산,37.5312014355,126.900161,2582.0,헬스형 운동기구 등,,"파고라, 평의자 등",,,2010-05-13,서울특별시 영등포구청,02-2670-3761,2022-09-29,3180000,영등포구
12798,11560-00031,(가칭)신길14재정비촉진구역 소공원,소공원,, 영등포구 신길,37.504367,126.906287,1732.0,헬스형 운동기구 등,,"파고라, 등의자 등",,,2007-11-29,서울특별시 영등포구청,02-2670-3761,2022-09-29,3180000,영등포구
12799,11560-00032,당산역 소공원,소공원,, 영등포구 당산,37.533517,126.900642,417.0,헬스형 운동기구 등,,"파고라, 평의자 등",,,2009-09-10,서울특별시 영등포구청,02-2670-3761,2022-09-29,3180000,영등포구
12800,11560-00033,파밀리에 소공원,소공원,, 영등포구 대림,37.495012,126.903451,395.0,헬스형 운동기구 등,,평의자 등,,,2007-11-08,서울특별시 영등포구청,02-2670-3761,2022-09-29,3180000,영등포구
13314,11410-00012,대궐재어린이공원,어린이공원,, 서대문구 연희,37.574059,126.937078,971.9,체력단련시설 4기,조합놀이대 1기+그네 1기+모래밭 1기+시소 1기+기타 1기,,,,1967-01-21,서울특별시 서대문구청,02-330-1714,2022-08-11,3120000,서대문구
13947,11620-00024,신림근린공원,근린공원,서울특별시 관악구 남부순환로152길 53,,37.480884,126.918234,90960.0,배드민턴장,,화장실+주차장,도서관,,1971-08-06,서울특별시 관악구청,02-879-6503,2022-10-15,3200000,관악구
13948,11620-00025,장군봉근린공원,근린공원,, 관악구 신림동,37.478631,126.939049,128100.0,배드민턴장+운동장,,화장실,,,1971-08-06,서울특별시 관악구청,02-879-6503,2022-10-15,3200000,관악구
13955,11560-00034,도리미 소공원,소공원,서울특별시 영등포구 도림로 112나길 4, 영등포구 도림,37.509476,126.9021917,1859.0,헬스형 운동기구 등,흔들말,"파고라, 등의자 등",,,2007-07-05,서울특별시 영등포구청,02-2670-3761,2022-09-29,3180000,영등포구
13956,11560-00035,새말소공원,소공원,, 영등포구 당산,37.531292,126.8975129344,1642.0,헬스형 운동기구 등,,평의자 등,,,2011-02-10,서울특별시 영등포구청,02-2670-3761,2022-09-29,3180000,영등포구
13957,11560-00036,이음소공원,소공원,, 영등포구 당산,37.527424,126.902467,732.0,헬스형 운동기구 등,,평의자 등,,,2007-08-02,서울특별시 영등포구청,02-2670-3761,2022-09-29,3180000,영등포구
13958,11560-00037,당산나루소공원,소공원,서울특별시 영등포구 당산로 205, 영등포구 당산,37.532814,126.900128,1339.0,헬스형 운동기구 등,,"파고라, 평의자 등",,,2009-09-10,서울특별시 영등포구청,02-2670-3761,2022-09-29,3180000,영등포구
13959,11560-00038,(가칭)모아미래도 소공원,소공원,, 영등포구 문래,37.5165501442,126.8871261546,1505.0,헬스형 운동기구 등,,"파고라, 등의자 등",,,2010-05-20,서울특별시 영등포구청,02-2670-3761,2022-09-29,3180000,영등포구
13960,11560-00039,(가칭)당산4구역 소공원,소공원,, 영등포구 당산,37.528846,126.903737,396.0,헬스형 운동기구 등,,"파고라, 등의자 등",,,2007-08-02,서울특별시 영등포구청,02-2670-3761,2022-09-29,3180000,영등포구
13961,11560-00040,(가칭)신길7재정비촉진구역 소공원,소공원,, 영등포구 신길,37.501274,126.9162891328,1024.1,헬스형 운동기구 등,,"파고라, 등의자 등",,,2007-11-29,서울특별시 영등포구청,02-2670-3761,2022-09-29,3180000,영등포구
13962,11560-00041,(가칭)신길11재정비촉진구역 소공원,소공원,, 영등포구 신길,37.504638,126.906631,1661.4,헬스형 운동기구 등,,"파고라, 등의자 등",,,2007-11-29,서울특별시 영등포구청,02-2670-3761,2022-09-29,3180000,영등포구
13963,11560-00042,아크로타워 역사공원,역사공원,, 영등포구 영등,37.5225745061,126.9077566139,2962.0,헬스형 운동기구 등,,"파고라, 등의자 등",,,2005-12-22,서울특별시 영등포구청,02-2670-3761,2022-09-29,3180000,영등포구
13964,11560-00043,(가칭)신길5재정비촉진구역 소공원,소공원,, 영등포구 신길,37.50373971,126.9175044,1638.0,헬스형 운동기구 등,,"파고라, 등의자 등",,,2007-11-29,서울특별시 영등포구청,02-2670-3761,2022-09-29,3180000,영등포구
13965,11560-00044,(가칭)신길5구역어린이공원,어린이공원,, 영등포구 신길,37.503015,126.920286,1981.0,헬스형 운동기구 등,조합놀이대,"파고라, 평의자 등",,,2007-11-29,서울특별시 영등포구청,02-2670-3757,2022-09-29,3180000,영등포구
13966,11560-00045,신길9구역 근린공원,근린공원,, 영등포구 신길,37.503954,126.9145992293,13776.0,헬스형 운동기구 등,조합놀이대,"파고라, 평의자 등",,,2007-11-29,서울특별시 영등포구청,02-2670-3758,2022-09-29,3180000,영등포구
13967,11560-00046,상아현대어린이공원,어린이공원,, 영등포구 당산,37.53047853,126.9029504,1587.0,헬스형 운동기구 등,조합놀이대,"파고라, 평의자 등",,,2013-01-10,서울특별시 영등포구청,02-2670-3757,2022-09-29,3180000,영등포구
13968,11560-00047,대림3주택어린이공원,어린이공원,, 영등포구 대림,37.494598,126.908478,2878.0,헬스형 운동기구 등,조합놀이대,"파고라, 평의자 등",,,2008-10-30,서울특별시 영등포구청,02-2670-3757,2022-09-29,3180000,영등포구
13969,11560-00048,신길8구역소공원,소공원,, 영등포구 신길,37.502528,126.912451,2361.0,헬스형 운동기구 등,,"파고라, 평의자 등",,,2007-11-29,서울특별시 영등포구청,02-2670-3761,2022-09-29,3180000,영등포구
13970,11560-00049,신길9구역소공원,소공원,, 영등포구 신길,37.502802,126.911686,2133.0,헬스형 운동기구 등,,"파고라, 등의자 등",,,2007-11-29,서울특별시 영등포구청,02-2670-3761,2022-09-29,3180000,영등포구
13998,11560-00001,신일어린이공원,어린이공원,, 영등포구 신길,37.510022,126.922191671,173.0,헬스형 운동기구 등,조합놀이대,"야외탁자, 평의자 등",,,1940-01-15,서울특별시 영등포구청,02-2670-3757,2022-09-29,3180000,영등포구
13999,11560-00002,자매근린공원,근린공원,서울특별시 영등포구 의사당대로 지하 166, 영등포구 여의,37.5166297,126.9290797,16458.0,게이트볼장,조합놀이대,"음수대, 평의자 등",,,1940-03-12,서울특별시 영등포구청,02-2670-3758,2022-09-29,3180000,영등포구
14000,11560-00003,문래근린공원,근린공원,, 영등포구 문래,37.517456,126.894267,23611.0,"배드민턴장, 게이트볼장",조합놀이대,"음수대, 평의자 등",,,1940-03-12,서울특별시 영등포구청,02-2670-3758,2022-09-29,3180000,영등포구
14001,11560-00004,신길근린공원,근린공원,서울특별시 영등포구 도림로80길 6, 영등포구 신길,37.501712,126.905408,19604.0,"게이트볼장, 농구장, 배드민턴장",조합놀이대,"음수대, 평의자 등",,,1940-03-12,서울특별시 영등포구청,02-2670-3758,2022-09-29,3180000,영등포구
14002,11560-00005,당산근린공원,근린공원,서울특별시 영등포구 당산로27길 12, 영등포구 당산,37.52521794,126.8951468,11154.0,배드민턴장,조합놀이대,"음수대, 평의자 등",,,1940-03-12,서울특별시 영등포구청,02-2670-3758,2022-09-29,3180000,영등포구
14003,11560-00006,메낙골근린공원,근린공원,, 영등포구 신길,37.5070196657,126.915244,17229.0,게이트볼장,,"정자, 평의자 등",,,1940-03-12,서울특별시 영등포구청,02-2670-3758,2022-09-29,3180000,영등포구
14004,11560-00007,중앙어린이공원,어린이공원,서울특별시 영등포구 영등포로35길 13, 영등포구 영등,37.521363,126.904164,3671.0,헬스형 운동기구 등,조합놀이대,"파고라, 평의자 등",,,1940-03-12,서울특별시 영등포구청,02-2670-3757,2022-09-29,3180000,영등포구
14005,11560-00008,평화어린이공원,어린이공원,서울특별시 영등포구 63로 45, 영등포구 여의,37.52135273,126.9373261,4595.0,농구장,조합놀이대,"파고라, 평의자 등",,,1940-03-12,서울특별시 영등포구청,02-2670-3757,2022-09-29,3180000,영등포구
14006,11560-00009,자유어린이공원,어린이공원,서울특별시 영등포구 63로 45, 영등포구 여의,37.521353,126.937326,5385.0,헬스형 운동기구 등,조합놀이대,"파고라, 평의자 등",,,1940-03-12,서울특별시 영등포구청,02-2670-3757,2022-09-29,3180000,영등포구
14007,11620-00047,까치산근린공원,근린공원,, 관악구 봉천동,37.4777440519,126.9672314655,64534.0,게이트볼장,조합놀이대,,,,1977-07-09,서울특별시 관악구청,02-879-6503,2022-10-15,3200000,관악구
15265,11410-00013,연희어린이공원,어린이공원,, 서대문구 연희,37.567723,126.921481,661.0,체력단련시설 3기,그네1기+시소 1기+기타 2기,,,,1968-05-28,서울특별시 서대문구청,02-330-1714,2022-08-11,3120000,서대문구
15266,11410-00014,신가어린이공원,어린이공원,, 서대문구 북가,37.580122,126.9083536,993.4,체력단련시설 2기,조합놀이대 1기+정글짐 1기,,,,1968-11-15,서울특별시 서대문구청,02-330-1714,2022-08-11,3120000,서대문구
15268,11410-00016,다람쥐어린이공원,어린이공원,, 서대문구 연희,37.576037,126.934403,595.0,체력단련시설 4기,조합놀이대 1기+그네 1기+기타 3기,,,,1970-09-02,서울특별시 서대문구청,02-330-1714,2022-08-11,3120000,서대문구
15272,11410-00020,홍연어린이공원,어린이공원,, 서대문구 홍은,37.58012707,126.926801,965.1,체력단련시설 3기,조합놀이대 1기+그네 1기+모래밭 1기+시소 1기+기타 3기,음수대 1개소,,,1972-02-09,서울특별시 서대문구청,02-330-1714,2022-08-11,3120000,서대문구
15273,11410-00021,백련어린이공원,어린이공원,, 서대문구 홍은,37.582234,126.9240153,985.8,체력단련시설 2기,조합놀이대 1기+그네 1기,,,,1972-02-09,서울특별시 서대문구청,02-330-1714,2022-08-11,3120000,서대문구
15275,11410-00023,연남어린이공원,어린이공원,, 서대문구 남가,37.5782157,126.925305,991.7,체력단련시설 2기,조합놀이대 1기+그네 1기+미끄럼틀 1기+기타 3기,,,,1973-11-24,서울특별시 서대문구청,02-330-1714,2022-08-11,3120000,서대문구
15276,11410-00024,실락어린이공원,어린이공원,, 서대문구 홍은,37.594473,126.943334,17452.0,배드민턴장 1개소+체력단련시설 8기,,,,,1973-12-01,서울특별시 서대문구청,02-330-1714,2022-08-11,3120000,서대문구
15278,11410-00026,독립근린공원,근린공원,, 서대문구 현저,37.57610554,126.9554446,113021.7,농구장 1개소+배드민턴장 1개소+체력단련시설 30기,미끄럼틀 1기+기타 3기,주차장 1개소(65대)+매점 2개소+화장실 3개소+음수대 4기,독립관 1동+3.1운동기념탑 1기+순국선열추념탑 1기+독립문 1기+서재필동상 1기+독립문이전비 1기+정보도서관 1동,,1989-05-10,서울특별시 서대문구청,02-330-8646,2022-08-11,3120000,서대문구
15279,11410-00027,가좌어린이공원,어린이공원,, 서대문구 남가,37.57586791,126.9205476,1665.0,체력단련시설 3기,조합놀이대 1기,,,,1993-05-07,서울특별시 서대문구청,02-330-1714,2022-08-11,3120000,서대문구
15280,11410-00028,개나리어린이공원,어린이공원,, 서대문구 남가,37.57778288,126.9177748,1653.0,체력단련시설 3기,조합놀이대 2기+그네 1기+모래밭 1기+시소 1기+기타 2기,음수대 1개소,,,1994-09-10,서울특별시 서대문구청,02-330-1714,2022-08-11,3120000,서대문구
15281,11410-00029,창천근린공원,근린공원,, 서대문구 창천,37.55787373,126.9402803,6322.0,배드민턴장 1개소+체력단련시설 5기,,발효식화장실 2기,,,1997-01-15,서울특별시 서대문구청,02-330-1965,2022-08-11,3120000,서대문구
15692,11305-00045,솔밭근린공원,근린공원,, 강북구 우이동,37.6530083,127.012253,34955.0,배드민턴장,조합놀이대+그네+흔들놀이,화장실,야외무대+장기바둑쉼터+놀이마당,바닥분수,1996-10-18,서울특별시 강북구청,02-901-6953,2022-08-21,3080000,강북구
16458,11215-10531,구의공원,어린이공원,"서울특별시 광진구 광나루로56길 86, (구의동)", 광진구 구의동,37.53650324,127.0947414,10464.0,배드민턴장,"조합놀이대, 그네, 시소, 흔들놀이기구",화장실,,,1984-08-22,서울특별시 광진구청,02-450-7775,2023-01-02,3040000,광진구
16629,11530-00027,소막골,어린이공원,, 구로구 개봉동,37.48853123,126.852386,516.0,체력단련시설 3점,조합놀이 1기,,,,1978-06-13,서울특별시 구로구청,02-860-3090,2023-01-27,3160000,구로구
16630,11530-00028,절골,어린이공원,, 구로구 개봉동,37.482821,126.851652,369.0,체력단련시설 4점,"모래밭 1기, 조합놀이 1기",,,,1978-11-22,서울특별시 구로구청,02-860-3090,2023-01-27,3160000,구로구
16631,11530-00029,가린열,어린이공원,, 구로구 개봉동,37.500611,126.8542042,332.9,체력단련시설 3점,조합놀이 1기,,,,1979-08-30,서울특별시 구로구청,02-860-3090,2023-01-27,3160000,구로구
16632,11530-00030,오금,어린이공원,, 구로구 고척동,37.505038,126.866221,348.0,체력단련시설 3점,"모래밭 1기, 조합놀이 1기",,,,1980-07-26,서울특별시 구로구청,02-860-3090,2023-01-27,3160000,구로구
16633,11530-00031,능골,어린이공원,, 구로구 고척동,37.506852,126.854254,357.0,체력단련시설 6점,"시소 1기, 조합놀이 1기",,,,1979-05-03,서울특별시 구로구청,02-860-3090,2023-01-27,3160000,구로구
16634,11530-00032,골목,어린이공원,, 구로구 고척동,37.507017,126.853545,266.0,체력단련시설 2점,"그네 1기, 모래밭 1기, 조합놀이 1기",,,,1978-09-05,서울특별시 구로구청,02-860-3090,2023-01-27,3160000,구로구
16635,11530-00033,도레미,어린이공원,, 구로구 고척동,37.508017,126.852322,326.3,체력단련시설 3점,조합놀이 1기,,,,1970-03-18,서울특별시 구로구청,02-860-3090,2023-01-27,3160000,구로구
16636,11530-00034,꿈마을,어린이공원,, 구로구 구로동,37.487173,126.8901545,909.0,체력단련시설 6점,"모래밭 1기, 시소1기, 조합놀이 1기",,,,1970-03-18,서울특별시 구로구청,02-860-3090,2023-01-27,3160000,구로구
16637,11530-00035,환경,어린이공원,, 구로구 구로동,37.48502191,126.888408,528.0,체력단련시설 2점,"시소 1기, 조합놀이 1기",,,,1990-10-22,서울특별시 구로구청,02-860-3090,2023-01-27,3160000,구로구
16638,11530-00036,희망,어린이공원,, 구로구 구로동,37.48703809,126.886243,669.0,체력단련시설 3점,"그네 1기, 조합놀이 1기",,,,1965-07-08,서울특별시 구로구청,02-860-3090,2023-01-27,3160000,구로구
16639,11530-00037,삼각,어린이공원,, 구로구 구로동,37.50135772,126.8920128,263350.0,체력단련시설 3점,"그네 1기, 모래밭 1기, 시소 1기, 조합놀이 1기",,,,1982-07-08,서울특별시 구로구청,02-860-3090,2023-01-27,3160000,구로구
16640,11530-00038,삭새,어린이공원,, 구로구 궁동 ,37.496337,126.825012,207700.0,체력단련시설 11점,"모래밭 1기, 조합놀이 1기",,,,1979-08-30,서울특별시 구로구청,02-860-3090,2023-01-27,3160000,구로구
16641,11530-00039,수른,어린이공원,, 구로구 궁동 ,37.49794413,126.829601,332.0,체력단련시설 2점,조합놀이 1기,,,,1991-05-29,서울특별시 구로구청,02-860-3090,2023-01-27,3160000,구로구
16642,11530-00040,온수,어린이공원,, 구로구 온수동,37.494631,126.8177077,475.0,체력단련시설 2점,"모래밭 1기, 시소 1기, 조합놀이 1기",,,,1978-06-07,서울특별시 구로구청,02-860-3090,2023-01-27,3160000,구로구
16643,11530-00041,화원,어린이공원,, 구로구 구로동,37.49791653,126.8804405,454400.0,체력단련시설 5점,"모래밭 1기, 시소 1기, 조합놀이 1기",,,,1981-03-10,서울특별시 구로구청,02-860-3090,2023-01-27,3160000,구로구
16644,11530-00042,신도림,어린이공원,, 구로구 신도림,37.51070916,126.8883753,229200.0,체력단련시설 6점,조합놀이 1기,,,,2000-04-07,서울특별시 구로구청,02-860-3090,2023-01-27,3160000,구로구
16645,11530-00043,구로리,어린이공원,, 구로구 구로동,37.4904165,126.891578,778200.0,체력단련시설 9점,"그네 1기, 모래밭 1기, 시소 2기, 조합놀이 1기",,,,1977-11-19,서울특별시 구로구청,02-860-3090,2023-01-27,3160000,구로구
16646,11530-00044,애경,어린이공원,, 구로구 구로동,37.500156,126.8846598,299600.0,체력단련시설 6점,"그네 1기, 조합놀이 1기",,,,2002-10-09,서울특별시 구로구청,02-860-3090,2023-01-27,3160000,구로구
16647,11530-00045,미래사랑,어린이공원,, 구로구 신도림,37.50984705,126.8890762,587000.0,체력단련시설 5점,조합놀이 1기,,,,2004-02-16,서울특별시 구로구청,02-860-3090,2023-01-27,3160000,구로구
16648,11530-00046,솔길,어린이공원,, 구로구 구로동,37.48918401,126.8804792,199900.0,체력단련시설 5점,"그네 1기, 모래밭 1기, 조합놀이 2기",,,,1981-03-10,서울특별시 구로구청,02-860-3090,2023-01-27,3160000,구로구
16652,11530-00050,와룡,소공원,, 구로구 온수동,37.4979921,126.8214922,250010.0,체력단련시설 4점,,,,,2008-08-28,서울특별시 구로구청,02-860-3090,2023-01-27,3160000,구로구
16653,11530-00051,갈매,소공원,, 구로구 온수동,37.49669974,126.8228085,320010.0,체력단련시설 8점,,,,,2008-08-28,서울특별시 구로구청,02-860-3090,2023-01-27,3160000,구로구
16654,11530-00052,개봉동과장미,소공원,, 구로구 개봉동,37.48810124,126.854735,657.2,체력단련시설 5점,조합놀이 1기,,,,2010-05-13,서울특별시 구로구청,02-860-3090,2023-01-27,3160000,구로구
16655,11530-00001,온수(잣절지구),근린공원,, 구로구 개봉동,37.499437985,126.841825611,7732060.0,"체력단련시설 15점, 배드민턴장 1개소",,,,,1971-08-06,서울특별시 구로구청,02-860-2396,2023-01-27,3160000,구로구
16660,11530-00006,온수(온수체육지구),근린공원,, 구로구 온수동,37.4933039102,126.8193736307,1741320.0,체력단련시설 15점,,,,,1971-08-06,서울특별시 구로구청,02-860-2396,2023-01-27,3160000,구로구
16661,11530-00007,고척,근린공원,, 구로구 고척동,37.50658242,126.8532783,108120.0,"운동장 1개소, 테니스장 1개소, 수영장 1개소, 배드민턴 2개소, 게이트볼 1개소, 체력단력시설 56점","모래밭 2기, 시소 1기, 조합놀이 3기","주차장 1개소, 화장실 1개소, 공중전화 3기, 음수대 6기, 시계탑 2기",도서관 1개소,,1977-07-09,서울특별시 구로구청,02-860-3165,2023-01-27,3160000,구로구
16662,11530-00008,계남,근린공원,, 구로구 고척동,37.509285,126.850122,158814.0,"운동장 1개소, 테니스장 1개소, 체력단력시설 95점",,음수대 1기,,,1971-08-06,서울특별시 구로구청,02-860-3165,2023-01-27,3160000,구로구
16663,11530-00009,개웅산,근린공원,, 구로구 개봉동,37.48690364,126.8471261,411972.0,"배드민턴장 1개소, 체력단련시설 65점",,샘터 1개소,,,1971-08-06,서울특별시 구로구청,02-860-3165,2023-01-27,3160000,구로구
16666,11530-00012,천왕(구),근린공원,, 구로구 천왕동,37.4764232,126.8417584,33677.0,체력단련시설 9점,,,,,2004-11-20,서울특별시 구로구청,02-860-3086,2023-01-27,3160000,구로구
16667,11530-00013,연지,근린공원,, 구로구 천왕동,37.47965771,126.8379653,44478.0,체력단련시설 15점,,,,,2004-11-20,서울특별시 구로구청,02-860-3086,2023-01-27,3160000,구로구
16668,11530-00014,봉화대,근린공원,, 구로구 천왕동,37.48469858,126.8424192,60975.0,체력단련시설 9점,,,,,2006-11-13,서울특별시 구로구청,02-860-3086,2023-01-27,3160000,구로구
16669,11530-00015,구로,근린공원,, 구로구 구로동,37.49748278,126.8896027,7901.0,체력단련시설 5점,조합놀이 1기,"주차장 1개소, 화장실 1개소, 음수대 1기","도서관 1개소, 문화회관 1개소",,1982-07-12,서울특별시 구로구청,02-860-3086,2023-01-27,3160000,구로구
16670,11530-00016,신도림테크노,근린공원,, 구로구 구로동,37.50811753,126.8908707,10482.0,체력단련시설 6점,,음수대 2기,,,2005-01-05,서울특별시 구로구청,02-860-3086,2023-01-27,3160000,구로구
16671,11530-00017,덕의,근린공원,, 구로구 고척동,37.50702571,126.8558381,5565.0,체력단련시설 12점,,"음수대1기, 화장실 1개소",,,2001-10-02,서울특별시 구로구청,02-860-3086,2023-01-27,3160000,구로구
16674,11530-00020,항동 4호,근린공원,, 구로구 항동 ,37.4741811407,126.8176642787,1408440.0,체력단련시설 6점,,,,,2010-05-26,서울특별시 구로구청,02-860-3086,2023-01-27,3160000,구로구
16678,11530-00024,항동,체육공원,, 구로구 항동 ,37.4761350837,126.8220008494,1281300.0,체력단련시설 21점,,,,,2010-05-26,서울특별시 구로구청,02-860-3165,2023-01-27,3160000,구로구
16680,11530-00026,개웅,어린이공원,, 구로구 개봉동,37.489928,126.852866,179740.0,체력단련시설 3점,"모래밭 1기, 시소 1기, 조합놀이 2기",화장실 1개소,,,1970-09-20,서울특별시 구로구청,02-860-3090,2023-01-27,3160000,구로구
